USE heroku_...;

SET @@auto_increment_increment=10;

-- DEPLOY ALL TABLES

CREATE TABLE Person (
	VK_ID	    BIGINT PRIMARY KEY,
    Person_ID	INTEGER NOT NULL
);

CREATE TABLE Test (
	Test_ID	    INT PRIMARY KEY AUTO_INCREMENT,
    Name	    VARCHAR(200) NOT NULL,
    Instruction TEXT,
    CanRedo     INTEGER DEFAULT 0
);

CREATE TABLE Question (
	Question_ID	INT PRIMARY KEY AUTO_INCREMENT,
    Test_ID	    INTEGER,
    Description	VARCHAR(5000) NOT NULL,
    Category	VARCHAR(500) NOT NULL,
    Type        VARCHAR(50),
    A_Mode      VARCHAR(8),
    Photo       VARCHAR(1000),
    FOREIGN KEY (Test_ID)  REFERENCES Test (Test_ID)
);

CREATE TABLE Answer(
    Answer_ID	INT PRIMARY KEY AUTO_INCREMENT,
    Question_ID INTEGER,
    Description	VARCHAR(1000) NOT NULL,
    Value	    INTEGER NOT NULL,
    FOREIGN KEY (Question_ID) REFERENCES Question (Question_ID)
);

CREATE TABLE Person_Answer(
    Person_Answer_ID	INT PRIMARY KEY AUTO_INCREMENT,
    VK_ID	    BIGINT,
    Answer_ID	INTEGER,
    Reply_Date 	DATETIME,
    Result_ID   INT DEFAULT 0,
    FOREIGN KEY (VK_ID)  REFERENCES Person (VK_ID),
    FOREIGN KEY (Answer_ID)  REFERENCES Answer (Answer_ID)
);

CREATE TABLE Result(
    Result_ID	INT PRIMARY KEY AUTO_INCREMENT,
    VK_ID	    BIGINT,
    Test_ID	    INTEGER,
    Factor	    VARCHAR(1000),
    Value	    INTEGER NOT NULL,
    Reply_Date  DATETIME,
    FOREIGN KEY (VK_ID) REFERENCES Person (VK_ID),
    FOREIGN KEY (Test_ID)   REFERENCES Test (Test_ID)
);

CREATE TABLE Person_MultiAnswer(
    Person_MultiAnswer_ID	INT PRIMARY KEY AUTO_INCREMENT,
    VK_ID		BIGINT,
    Answer		VARCHAR(500),
    Reply_Date 	DATETIME,
    Status   	INT DEFAULT 0,
    Question_ID	INTEGER,
    FOREIGN KEY (VK_ID)	REFERENCES Person (VK_ID),
    FOREIGN KEY (Question_ID) REFERENCES Question (Question_ID)
);

-- DEPLOY ALL TESTS

-- "Психологическая защита"
INSERT INTO Test (Test_ID, Name, Instruction, CanRedo) VALUES (1, 'Психологическая защита', 'Прочтите предложенные утверждения. Эти утверждения описывают чувства, которые человек ОБЫЧНО испытывает, или действия, которые он ОБЫЧНО совершает. Если указанное утверждение Вам соответствует, нажмите на кнопку **«Да»**, если не соответствует – кнопку **«Нет»**.\n\n**Вы можете вернуться к инструкции, нажав на надпись «Вопрос №...» наверху**.', 0);

INSERT INTO Question (Question_ID, Test_ID, Description, Category, Type, A_Mode) VALUES 
(1, 1, 'Я очень легкий человек и со мной легко ужиться.', 'Отрицание', 'button', 'single'),
(11, 1, 'Когда я хочу чего-нибудь, я никак не могу дождаться, когда это получу.', 'Регрессия', 'button', 'single'),
(21, 1, 'Всегда существовал человек, на которого я хотел бы походить.', 'Компенсация', 'button', 'single'),
(31, 1, 'Люди не считают меня эмоциональным человеком.', 'Рационализация', 'button', 'single'),
(41, 1, 'Я выхожу из себя, когда смотрю фильм непристойного содержания.', 'Гиперкомпенсация', 'button', 'single'),
(51, 1, 'Я редко помню свои сны.', 'Вытеснение', 'button', 'single'),
(61, 1, 'Меня бесят люди, которые всеми вокруг командуют.', 'Проекция', 'button', 'single'),
(71, 1, 'Иногда у меня появляется желание пробить стену кулаком.', 'Рационализация', 'button', 'single'),
(81, 1, 'Меня раздражает тот факт, что люди слишком много задаются.', 'Проекция', 'button', 'single'),
(91, 1, 'В мечтах я всегда в центре внимания.', 'Компенсация', 'button', 'single'),
(101, 1, 'Я человек, который никогда не плачет.', 'Вытеснение', 'button', 'single'),
(111, 1, 'Необходимость пользоваться общественным туалетом заставляет меня совершать над собой усилие.', 'Гиперкомпенсация', 'button', 'single'),
(121, 1, 'Я всегда готов выслушать обе стороны во время спора.', 'Рационализация', 'button', 'single'),
(131, 1, 'Меня легко вывести из себя.', 'Регрессия', 'button', 'single'),
(141, 1, 'Когда кто-нибудь толкает меня в толпе, я чувствую, что готов пнуть его.', 'Замещение', 'button', 'single'),
(151, 1, 'Многое во мне людей восхищает.', 'Отрицание', 'button', 'single'),
(161, 1, 'Я полагаю, что лучше хорошо обдумать какую-нибудь вещь до конца, чем приходить в ярость.', 'Рационализация', 'button', 'single'),
(171, 1, 'Я много болею.', 'Регрессия', 'button', 'single'),
(181, 1, 'У меня плохая память на лица.', 'Вытеснение', 'button', 'single'),
(191, 1, 'Когда меня отвергают, у меня появляются мысли о самоубийстве.', 'Замещение', 'button', 'single'),
(201, 1, 'Когда я слышу сальности, я очень смущаюсь.', 'Гиперкомпенсация', 'button', 'single'),
(211, 1, 'Я всегда вижу светлую сторону вещей.', 'Отрицание', 'button', 'single'),
(221, 1, 'Я ненавижу злобных людей.', 'Проекция', 'button', 'single'),
(231, 1, 'Мне трудно избавиться от чего-то, что принадлежит мне.', 'Компенсация', 'button', 'single'),
(241, 1, 'Я с трудом запоминаю имена.', 'Вытеснение', 'button', 'single'),
(251, 1, 'У меня склонность к излишней импульсивности.', 'Регрессия', 'button', 'single'),
(261, 1, 'Люди, которые добиваются своего криком и воплями, вызывают у меня отвращение.', 'Проекция', 'button', 'single'),
(271, 1, 'Я свободен от предрассудков.', 'Отрицание', 'button', 'single'),
(281, 1, 'Мне крайне необходимо, чтобы люди говорили о моей сексуальной привлекательности.', 'Компенсация', 'button', 'single'),
(291, 1, 'Когда я собираюсь в поездку, я планирую каждую деталь заранее.', 'Рационализация', 'button', 'single'),
(301, 1, 'Иногда мне хочется, чтобы атомная бомба разрушила весь мир.', 'Замещение', 'button', 'single'),
(311, 1, 'Порнография отвратительна.', 'Гиперкомпенсация', 'button', 'single'),
(321, 1, 'Когда я чем-нибудь расстроен, я много ем.', 'Регрессия', 'button', 'single'),
(331, 1, 'Люди мне никогда не надоедают.', 'Отрицание', 'button', 'single'),
(341, 1, 'Многое из своего детства я не могу вспомнить.', 'Вытеснение', 'button', 'single'),
(351, 1, 'Когда я собираюсь в отпуск, я обычно беру с собой работу.', 'Рационализация', 'button', 'single'),
(361, 1, 'В своих фантазиях я совершаю великие поступки.', 'Компенсация', 'button', 'single'),
(371, 1, 'В большинстве своем люди раздражают меня, так как они слишком эгоистичны.', 'Проекция', 'button', 'single'),
(381, 1, 'Прикосновение к чему-то осклизлому, скользкому вызывает у меня отвращение.', 'Гиперкомпенсация', 'button', 'single'),
(391, 1, 'Если кто-нибудь надоедает мне, я не говорю это ему, а стремлюсь выразить свое недовольство кому-нибудь другому.', 'Замещение', 'button', 'single'),
(401, 1, 'Я полагаю, что люди обведут вас вокруг пальца, если вы не будете осторожны.', 'Проекция', 'button', 'single'),
(411, 1, 'Мне требуется много времени, чтобы разглядеть плохие качества в других людях.', 'Отрицание', 'button', 'single'),
(421, 1, 'Я никогда не волнуюсь, когда читаю или слышу о какой-то трагедии.', 'Вытеснение', 'button', 'single'),
(431, 1, 'В споре я обычно более логичен, чем другой человек.', 'Рационализация', 'button', 'single'),
(441, 1, 'Мне совершенно необходимо, чтобы мне говорили комплименты.', 'Компенсация', 'button', 'single'),
(451, 1, 'Беспорядочность отвратительна.', 'Гиперкомпенсация', 'button', 'single'),
(461, 1, 'Когда я веду машину, у меня иногда появляется желание толкнуть другую машину.', 'Замещение', 'button', 'single'),
(471, 1, 'Когда у меня что-нибудь не получается, я иногда сержусь.', 'Регрессия', 'button', 'single'),
(481, 1, 'Когда я вижу кого-нибудь в крови, это почти никогда не беспокоит меня.', 'Вытеснение', 'button', 'single'),
(491, 1, 'У меня портится настроение, и я раздражаюсь, когда на меня не обращают внимания.', 'Регрессия', 'button', 'single'),
(501, 1, 'Люди говорят мне, что я всему верю.', 'Отрицание', 'button', 'single'),
(511, 1, 'Я ношу одежду, которая скрывает мои недостатки.', 'Компенсация', 'button', 'single'),
(521, 1, 'Мне очень трудно пользоваться неприличными словами.', 'Гиперкомпенсация', 'button', 'single'),
(531, 1, 'Мне кажется, я много спорю с людьми.', 'Замещение', 'button', 'single'),
(541, 1, 'Меня отталкивает от людей то, что они неискренни.', 'Проекция', 'button', 'single'),
(551, 1, 'Люди говорят мне, что я слишком беспристрастен во всем.', 'Рационализация', 'button', 'single'),
(561, 1, 'Я знаю, что мои моральные стандарты выше, чем у большинства других людей.', 'Гиперкомпенсация', 'button', 'single'),
(571, 1, 'Когда я не могу справиться с чем-либо, я могу заплакать.', 'Регрессия', 'button', 'single'),
(581, 1, 'Мне кажется, что я не могу выражать свои эмоции.', 'Вытеснение', 'button', 'single'),
(591, 1, 'Когда кто-нибудь налетает на меня, я прихожу в ярость.', 'Замещение', 'button', 'single'),
(601, 1, 'То, что мне не нравится, я выбрасываю из головы.', 'Отрицание', 'button', 'single'),
(611, 1, 'Я очень редко испытываю чувство привязанности.', 'Рационализация', 'button', 'single'),
(621, 1, 'Я терпеть не могу людей, которые всегда стараются быть в центре внимания.', 'Проекция', 'button', 'single'),
(631, 1, 'Я многое коллекционирую.', 'Компенсация', 'button', 'single'),
(641, 1, 'Я работаю более упорно, чем большинство людей, для того чтобы добиться результатов в области, которая меня интересует.', 'Компенсация', 'button', 'single'),
(651, 1, 'Звуки детского плача не беспокоят меня.', 'Вытеснение', 'button', 'single'),
(661, 1, 'Я бываю так сердит, что мне хочется крушить все вокруг.', 'Замещение', 'button', 'single'),
(671, 1, 'Я всегда оптимистичен.', 'Отрицание', 'button', 'single'),
(681, 1, 'Я много лгу.', 'Регрессия', 'button', 'single'),
(691, 1, 'Я больше привязан к самому процессу работы, чем к отношениям, которые складываются на ней или вне ее.', 'Рационализация', 'button', 'single'),
(701, 1, 'В основном люди несносны.', 'Проекция', 'button', 'single'),
(711, 1, 'Я бы ни за что не пошел на фильм, в котором слишком много сексуальных сцен.', 'Гиперкомпенсация', 'button', 'single'),
(721, 1, 'Меня раздражает то, что людям нельзя доверять.', 'Проекция', 'button', 'single'),
(731, 1, 'Я буду делать все, чтобы произвести хорошее впечатление.', 'Компенсация', 'button', 'single'),
(741, 1, 'Я не понимаю некоторых своих поступков.', 'Вытеснение', 'button', 'single'),
(751, 1, 'Я через силу смотрю кинокартины, в которых много насилия.', 'Замещение', 'button', 'single'),
(761, 1, 'Я думаю, что ситуация в мире намного лучше, чем думает большинство людей.', 'Отрицание', 'button', 'single'),
(771, 1, 'Когда у меня неудача, я не могу сдержать плохого настроения.', 'Регрессия', 'button', 'single'),
(781, 1, 'То, как одеваются сейчас на пляже, — неприлично.', 'Гиперкомпенсация', 'button', 'single'),
(791, 1, 'Я не позволяю своим эмоциям захватывать меня.', 'Рационализация', 'button', 'single'),
(801, 1, 'Я всегда планирую наихудшее с тем, чтобы не быть застигнутым врасплох.', 'Рационализация', 'button', 'single'),
(811, 1, 'Я живу так хорошо, что многие люди хотели бы оказаться в моем положении.', 'Отрицание', 'button', 'single'),
(821, 1, 'Когда я как-то был сердит, я так сильно саданул по чему-то, что случайно поранил себя.', 'Замещение', 'button', 'single'),
(831, 1, 'Я испытываю отвращение, сталкиваясь с людьми низкого морального уровня.', 'Проекция', 'button', 'single'),
(841, 1, 'Я почти ничего не помню о своих первых годах в школе.', 'Вытеснение', 'button', 'single'),
(851, 1, 'Когда я расстроен, я невольно поступаю как ребенок.', 'Регрессия', 'button', 'single'),
(861, 1, 'Я предпочитаю говорить о своих мыслях, чем о своих чувствах.', 'Рационализация', 'button', 'single'),
(871, 1, 'Мне кажется, что не могу закончить ничего из того, что начал.', 'Регрессия', 'button', 'single'),
(881, 1, 'Когда я слышу о жестокости, это не трогает меня.', 'Вытеснение', 'button', 'single'),
(891, 1, 'В моей семье почти никогда не противоречат друг другу.', 'Отрицание', 'button', 'single'),
(901, 1, 'Я много кричу на людей.', 'Замещение', 'button', 'single'),
(911, 1, 'Ненавижу людей, которые топчут других, чтобы продвинуться вперед.', 'Проекция', 'button', 'single'),
(921, 1, 'Когда я расстроен, я часто напиваюсь.', 'Регрессия', 'button', 'single'),
(931, 1, 'Я счастлив, что у меня меньше проблем, чем у большинства людей.', 'Отрицание', 'button', 'single'),
(941, 1, 'Когда что-нибудь расстраивает меня, я сплю больше, чем обычно.', 'Регрессия', 'button', 'single'),
(951, 1, 'Я нахожу отвратительным, что большинство людей лгут для того, чтобы добиться успеха.', 'Проекция', 'button', 'single'),
(961, 1, 'Я говорю много неприличных слов.', 'Замещение', 'button', 'single');

INSERT INTO Answer (Answer_ID, Question_ID, Description, Value) VALUES
(1, 1, 'Да', 1),
(11, 1, 'Нет', 0),
(21, 11, 'Да', 1),
(31, 11, 'Нет', 0),
(41, 21, 'Да', 1),
(51, 21, 'Нет', 0),
(61, 31, 'Да', 1),
(71, 31, 'Нет', 0),
(81, 41, 'Да', 1),
(91, 41, 'Нет', 0),
(101, 51, 'Да', 1),
(111, 51, 'Нет', 0),
(121, 61, 'Да', 1),
(131, 61, 'Нет', 0),
(141, 71, 'Да', 1),
(151, 71, 'Нет', 0),
(161, 81, 'Да', 1),
(171, 81, 'Нет', 0),
(181, 91, 'Да', 1),
(191, 91, 'Нет', 0),
(201, 101, 'Да', 1),
(211, 101, 'Нет', 0),
(221, 111, 'Да', 1),
(231, 111, 'Нет', 0),
(241, 121, 'Да', 1),
(251, 121, 'Нет', 0),
(261, 131, 'Да', 1),
(271, 131, 'Нет', 0),
(281, 141, 'Да', 1),
(291, 141, 'Нет', 0),
(301, 151, 'Да', 1),
(311, 151, 'Нет', 0),
(321, 161, 'Да', 1),
(331, 161, 'Нет', 0),
(341, 171, 'Да', 1),
(351, 171, 'Нет', 0),
(361, 181, 'Да', 1),
(371, 181, 'Нет', 0),
(381, 191, 'Да', 1),
(391, 191, 'Нет', 0),
(401, 201, 'Да', 1),
(411, 201, 'Нет', 0),
(421, 211, 'Да', 1),
(431, 211, 'Нет', 0),
(441, 221, 'Да', 1),
(451, 221, 'Нет', 0),
(461, 231, 'Да', 1),
(471, 231, 'Нет', 0),
(481, 241, 'Да', 1),
(491, 241, 'Нет', 0),
(501, 251, 'Да', 1),
(511, 251, 'Нет', 0),
(521, 261, 'Да', 1),
(531, 261, 'Нет', 0),
(541, 271, 'Да', 1),
(551, 271, 'Нет', 0),
(561, 281, 'Да', 1),
(571, 281, 'Нет', 0),
(581, 291, 'Да', 1),
(591, 291, 'Нет', 0),
(601, 301, 'Да', 1),
(611, 301, 'Нет', 0),
(621, 311, 'Да', 1),
(631, 311, 'Нет', 0),
(641, 321, 'Да', 1),
(651, 321, 'Нет', 0),
(661, 331, 'Да', 1),
(671, 331, 'Нет', 0),
(681, 341, 'Да', 1),
(691, 341, 'Нет', 0),
(701, 351, 'Да', 1),
(711, 351, 'Нет', 0),
(721, 361, 'Да', 1),
(731, 361, 'Нет', 0),
(741, 371, 'Да', 1),
(751, 371, 'Нет', 0),
(761, 381, 'Да', 1),
(771, 381, 'Нет', 0),
(781, 391, 'Да', 1),
(791, 391, 'Нет', 0),
(801, 401, 'Да', 1),
(811, 401, 'Нет', 0),
(821, 411, 'Да', 1),
(831, 411, 'Нет', 0),
(841, 421, 'Да', 1),
(851, 421, 'Нет', 0),
(861, 431, 'Да', 1),
(871, 431, 'Нет', 0),
(881, 441, 'Да', 1),
(891, 441, 'Нет', 0),
(901, 451, 'Да', 1),
(911, 451, 'Нет', 0),
(921, 461, 'Да', 1),
(931, 461, 'Нет', 0),
(941, 471, 'Да', 1),
(951, 471, 'Нет', 0),
(961, 481, 'Да', 1),
(971, 481, 'Нет', 0),
(981, 491, 'Да', 1),
(991, 491, 'Нет', 0),
(1001, 501, 'Да', 1),
(1011, 501, 'Нет', 0),
(1021, 511, 'Да', 1),
(1031, 511, 'Нет', 0),
(1041, 521, 'Да', 1),
(1051, 521, 'Нет', 0),
(1061, 531, 'Да', 1),
(1071, 531, 'Нет', 0),
(1081, 541, 'Да', 1),
(1091, 541, 'Нет', 0),
(1101, 551, 'Да', 1),
(1111, 551, 'Нет', 0),
(1121, 561, 'Да', 1),
(1131, 561, 'Нет', 0),
(1141, 571, 'Да', 1),
(1151, 571, 'Нет', 0),
(1161, 581, 'Да', 1),
(1171, 581, 'Нет', 0),
(1181, 591, 'Да', 1),
(1191, 591, 'Нет', 0),
(1201, 601, 'Да', 1),
(1211, 601, 'Нет', 0),
(1221, 611, 'Да', 1),
(1231, 611, 'Нет', 0),
(1241, 621, 'Да', 1),
(1251, 621, 'Нет', 0),
(1261, 631, 'Да', 1),
(1271, 631, 'Нет', 0),
(1281, 641, 'Да', 1),
(1291, 641, 'Нет', 0),
(1301, 651, 'Да', 1),
(1311, 651, 'Нет', 0),
(1321, 661, 'Да', 1),
(1331, 661, 'Нет', 0),
(1341, 671, 'Да', 1),
(1351, 671, 'Нет', 0),
(1361, 681, 'Да', 1),
(1371, 681, 'Нет', 0),
(1381, 691, 'Да', 1),
(1391, 691, 'Нет', 0),
(1401, 701, 'Да', 1),
(1411, 701, 'Нет', 0),
(1421, 711, 'Да', 1),
(1431, 711, 'Нет', 0),
(1441, 721, 'Да', 1),
(1451, 721, 'Нет', 0),
(1461, 731, 'Да', 1),
(1471, 731, 'Нет', 0),
(1481, 741, 'Да', 1),
(1491, 741, 'Нет', 0),
(1501, 751, 'Да', 1),
(1511, 751, 'Нет', 0),
(1521, 761, 'Да', 1),
(1531, 761, 'Нет', 0),
(1541, 771, 'Да', 1),
(1551, 771, 'Нет', 0),
(1561, 781, 'Да', 1),
(1571, 781, 'Нет', 0),
(1581, 791, 'Да', 1),
(1591, 791, 'Нет', 0),
(1601, 801, 'Да', 1),
(1611, 801, 'Нет', 0),
(1621, 811, 'Да', 1),
(1631, 811, 'Нет', 0),
(1641, 821, 'Да', 1),
(1651, 821, 'Нет', 0),
(1661, 831, 'Да', 1),
(1671, 831, 'Нет', 0),
(1681, 841, 'Да', 1),
(1691, 841, 'Нет', 0),
(1701, 851, 'Да', 1),
(1711, 851, 'Нет', 0),
(1721, 861, 'Да', 1),
(1731, 861, 'Нет', 0),
(1741, 871, 'Да', 1),
(1751, 871, 'Нет', 0),
(1761, 881, 'Да', 1),
(1771, 881, 'Нет', 0),
(1781, 891, 'Да', 1),
(1791, 891, 'Нет', 0),
(1801, 901, 'Да', 1),
(1811, 901, 'Нет', 0),
(1821, 911, 'Да', 1),
(1831, 911, 'Нет', 0),
(1841, 921, 'Да', 1),
(1851, 921, 'Нет', 0),
(1861, 931, 'Да', 1),
(1871, 931, 'Нет', 0),
(1881, 941, 'Да', 1),
(1891, 941, 'Нет', 0),
(1901, 951, 'Да', 1),
(1911, 951, 'Нет', 0),
(1921, 961, 'Да', 1),
(1931, 961, 'Нет', 0);

-- "Опросник Кеттела"
INSERT INTO Test (Test_ID, Name, Instruction, CanRedo) VALUES (11, 'Опросник Кеттела', 'Вам будет предложен ряд вопросов и три варианта ответов на каждый вопрос. Отвечать нужно следующим образом:\n+ Сначала прочтите вопрос и варианты ответов на него.\n+ Затем выберите один из трех предложенных вариантов ответов, отражающий ваше мнение, и нажмите на соответствующую кнопку.\n\n*Пример: 1. Я люблю смотреть спортивные игры.*   \n*а) да; б) время от времени; в) нет.*\n\nКогда будете отвечать на вопросы, помните все время следующие правила:\n+ Не тратьте на обдумывание ответов много времени. Жмите на тот ответ, который первым приходит в голову.\n+ Старайтесь не прибегать слишком часто к промежуточному ответу типа «не уверен», «нечто среднее» и т.п. Выбирайте его только тогда, когда не можете ответить иначе, – пожалуй, не чаще, чем один такой ответ на 4–5 вопросов.\n+ Постарайтесь дать наиболее точный ответ даже на вопрос, который может казаться не очень подходящим.\n+ Отвечайте как можно более искренне. Не надо стараться произвести хорошее впечатление своими ответами: они должны соответствовать действительности.\n\n**Вы можете вернуться к инструкции, нажав на надпись «Вопрос №...» наверху**.', 0);

INSERT INTO Question (Question_ID, Test_ID, Description, Category, Type, A_Mode) VALUES
(971, 11, 'Я хорошо понял инструкцию к этому опроснику', 'A', 'button', 'single'),
(981, 11, 'Я готов как можно искреннее ответить на вопросы', 'A', 'button', 'single'),
(991, 11, 'Я предпочел бы иметь дачу', 'A', 'button', 'single'),
(1001, 11, 'Я могу найти в себе достаточно сил, чтобы справиться с жизненными трудностями', 'C', 'button', 'single'),
(1011, 11, 'При виде диких зверей мне становится несколько не по себе, даже если они надежно заперты в клетке', 'C', 'button', 'single'),
(1021, 11, 'Я воздерживаюсь от критики людей и их взглядов', 'E', 'button', 'single'),
(1031, 11, 'Я делаю людям резкие замечания, критические, если мне кажется, что они этого заслуживают', 'E', 'button', 'single'),
(1041, 11, 'Я предпочитаю несложную классическую музыку больше, чем современные популярные мелодии', 'F', 'button', 'single'),
(1051, 11, 'Если бы я увидел двух дерущихся соседских детей', 'G', 'button', 'single'),
(1061, 11, 'На собраниях и в компании', 'H', 'button', 'single'),
(1071, 11, 'По-моему, интереснее быть', 'I', 'button', 'single'),
(1081, 11, 'На улице я скорее остановлюсь, чтобы посмотреть, как работает художник, чем стану наблюдать за уличной ссорой', 'I', 'button', 'single'),
(1091, 11, 'Обычно я спокойно переношу самодовольных людей, даже когда они хвастаются или другим образом показывают, что высокого мнения о себе', 'L', 'button', 'single'),
(1101, 11, 'Если человек обманывает, я почти всегда могу заметить это по выражению его лица', 'M', 'button', 'single'),
(1111, 11, 'Я считаю, что самую скучную повседневную работу всегда нужно доводить до конца, даже если кажется, что нет необходимости', 'M', 'button', 'single'),
(1121, 11, 'Я предпочел бы взяться за работу', 'N', 'button', 'single'),
(1131, 11, 'Я говорю о своих чувствах', 'N', 'button', 'single'),
(1141, 11, 'Изредка я испытываю чувство внезапного страха или неопределенного беспокойства, сам не знаю отчего', 'O', 'button', 'single'),
(1151, 11, 'Когда меня несправедливо критикуют за то, в чем я не виноват', 'O', 'button', 'single'),
(1161, 11, 'На работе у меня бывает больше затруднений с людьми, которые', 'Q1', 'button', 'single'),
(1171, 11, 'Принимая решения, я руководствуюсь больше', 'Q1', 'button', 'single'),
(1181, 11, 'Люди были бы счастливее, если бы они больше времени проводили в обществе своих друзей', 'Q2', 'button', 'single'),
(1191, 11, 'Строя планы на будущее, я часто рассчитываю на простое везение', 'Q3', 'button', 'single'),
(1201, 11, 'Разговаривая, я склонен', 'Q3', 'button', 'single'),
(1211, 11, 'Даже если я чем-нибудь сильно взбешен, я успокаиваюсь довольно быстро', 'Q4', 'button', 'single'),
(1221, 11, 'При равной продолжительности рабочего дня и одинаковой зарплате мне было бы интереснее работать', 'A', 'button', 'single'),
(1231, 11, 'У меня было', 'A', 'button', 'single'),
(1241, 11, '«Лопата» так относится к «копать», как «нож» к', 'B', 'button', 'single'),
(1251, 11, 'Иногда какая-нибудь мысль не дает мне заснуть', 'C', 'button', 'single'),
(1261, 11, 'В своей жизни я, как правило, достигаю тех целей, которые ставлю перед собой', 'C', 'button', 'single'),
(1271, 11, 'Устаревший закон должен быть изменен', 'E', 'button', 'single'),
(1281, 11, 'Мне становится не по себе, когда дело требует от меня быстрых действий, которые как-то влияют на других людей', 'E', 'button', 'single'),
(1291, 11, 'Большинство знакомых считают меня веселым собеседником', 'F', 'button', 'single'),
(1301, 11, 'Когда я вижу неопрятных, неряшливых людей', 'G', 'button', 'single'),
(1311, 11, 'Я слегка теряюсь, неожиданно оказавшись в центре внимания', 'H', 'button', 'single'),
(1321, 11, 'Я всегда рад присоединиться к большой компании, например, встретиться вечером с друзьями, пойти на танцы, принять участие в интересном общественном мероприятии', 'H', 'button', 'single'),
(1331, 11, 'В школе я предпочитал', 'I', 'button', 'single'),
(1341, 11, 'Если меня назначают ответственным за что-либо, я настаиваю, чтобы мои распоряжения строго выполнялись, а иначе я отказываюсь от поручения', 'L', 'button', 'single'),
(1351, 11, 'Важнее, чтобы родители', 'M', 'button', 'single'),
(1361, 11, 'Участвуя в коллективной работе, я предпочел бы', 'M', 'button', 'single'),
(1371, 11, 'Время от времени я чувствую потребность заняться чем-нибудь, что требует значительных физических усилий', 'N', 'button', 'single'),
(1381, 11, 'Я предпочел бы общаться с людьми вежливыми и деликатными, чем с грубоватыми и прямолинейными', 'N', 'button', 'single'),
(1391, 11, 'Когда меня критикуют на людях, это меня крайне угнетает', 'O', 'button', 'single'),
(1401, 11, 'Если меня вызывает к себе начальник, я', 'O', 'button', 'single'),
(1411, 11, 'Я считаю, что люди должны очень серьезно подумать, прежде чем отказываться от опыта прошлых веков', 'Q1', 'button', 'single'),
(1421, 11, 'Читая что-либо, я всегда хорошо осознаю скрытое намерение автора убедить меня в чем-то', 'Q1', 'button', 'single'),
(1431, 11, 'Когда я учился в 7—10 классах, я участвовал в спортивной жизни школы', 'Q2', 'button', 'single'),
(1441, 11, 'Я поддерживаю дома хороший порядок и почти всегда знаю, что где лежит', 'Q3', 'button', 'single'),
(1451, 11, 'Когда я думаю о том, что произошло в течение дня, я нередко испытываю беспокойство', 'Q4', 'button', 'single'),
(1461, 11, 'Иногда я сомневаюсь, действительно ли люди, с которыми я беседую, интересуются тем, что я говорю', 'Q4', 'button', 'single'),
(1471, 11, 'Если бы мне пришлось выбирать, я предпочел бы быть', 'A', 'button', 'single'),
(1481, 11, 'К дню рождения, к праздникам', 'A', 'button', 'single'),
(1491, 11, '«Усталый» так относится к «работа», как «гордый» к', 'B', 'button', 'single'),
(1501, 11, 'Какое из данных слов не подходит к двум остальным', 'B', 'button', 'single'),
(1511, 11, 'Мои друзья', 'C', 'button', 'single'),
(1521, 11, 'У меня есть такие качества, по которым я определенно превосхожу других людей', 'E', 'button', 'single'),
(1531, 11, 'Когда я расстроен, я всячески стараюсь скрыть свои чувства от других', 'E', 'button', 'single'),
(1541, 11, 'Мне хотелось бы ходить в кино, на разные представления и в другие места, где можно развлечься', 'F', 'button', 'single'),
(1551, 11, 'Я думаю, что личная свобода в поведении важнее хороших манер и соблюдения правил этикета', 'G', 'button', 'single'),
(1561, 11, 'В присутствии людей более значительных, чем я (людей старше меня, или с большим опытом, или с более высоким положением), я склонен держаться высоко', 'H', 'button', 'single'),
(1571, 11, 'Мне трудно рассказать что-либо большой группе людей или выступить перед большой аудиторией', 'H', 'button', 'single'),
(1581, 11, 'Я хорошо ориентируюсь в незнакомой местности, легко могу сказать, где север, где юг, восток и запад', 'I', 'button', 'single'),
(1591, 11, 'Если бы кто-то разозлился на меня', 'L', 'button', 'single'),
(1601, 11, 'Когда я читаю статью, которую считаю несправедливой, я скорее склонен забыть об этом, чем с возмущением ответить автору', 'L', 'button', 'single'),
(1611, 11, 'В моей памяти не задерживаются надолго несущественные мелочи, например названия улиц, магазинов', 'M', 'button', 'single'),
(1621, 11, 'Мне могла бы понравиться профессия ветеринара, который лечит и оперирует животных', 'N', 'button', 'single'),
(1631, 11, 'Я ем с наслаждением и не всегда столь тщательно забочусь о своих манерах, как это делают другие люди', 'N', 'button', 'single'),
(1641, 11, 'Бывают периоды, когда мне ни с кем не хочется встречаться', 'O', 'button', 'single'),
(1651, 11, 'Иногда мне говорят, что мой голос и вид слишком выдают мое волнение', 'O', 'button', 'single'),
(1661, 11, 'Когда я был подростком и мое мнение расходилось с родительским, я обычно', 'Q1', 'button', 'single'),
(1671, 11, 'Мне бы хотелось работать в отдельной комнате, а не вместе с коллегами', 'Q2', 'button', 'single'),
(1681, 11, 'Я предпочел бы жить тихо, как мне нравится, нежели быть объектом восхищения благодаря своим успехам', 'Q2', 'button', 'single'),
(1691, 11, 'Во многих отношениях я считаю себя вполне зрелым человеком', 'Q3', 'button', 'single'),
(1701, 11, 'Критика в том виде, в каком ее осуществляют многие люди, скорее выбивает меня из колеи, чем помогает', 'Q4', 'button', 'single'),
(1711, 11, 'Я всегда в состоянии строго контролировать проявление своих чувств', 'Q4', 'button', 'single'),
(1721, 11, 'Если бы я сделал полезное изобретение, я предпочел бы', 'A', 'button', 'single'),
(1731, 11, '«Удивление» так относится к «необычный», как «страх» к', 'B', 'button', 'single'),
(1741, 11, 'Какая из следующих дробей не подходит к двум остальным', 'B', 'button', 'single'),
(1751, 11, 'Мне кажется, что некоторые люди не замечают или избегают меня, хотя и не знаю почему', 'C', 'button', 'single'),
(1761, 11, 'Люди относятся ко мне менее доброжелательно, чем я того заслуживаю своим добрым к ним отношением', 'C', 'button', 'single'),
(1771, 11, 'Употребление нецензурных выражений мне всегда противно (даже если при этом нет лиц другого пола)', 'E', 'button', 'single'),
(1781, 11, 'У меня, безусловно, меньше друзей, чем у большинства людей', 'F', 'button', 'single'),
(1791, 11, 'Очень не люблю бывать там, где не с кем поговорить', 'F', 'button', 'single'),
(1801, 11, 'Люди иногда называют меня легкомысленным, хотя и считают приятным человеком', 'G', 'button', 'single'),
(1811, 11, 'В различных ситуациях в обществе я испытывал волнение, похожее на то, которое испытывает человек перед выходом на сцену', 'H', 'button', 'single'),
(1821, 11, 'Находясь в небольшой группе людей, я довольствуюсь тем, что держусь в стороне и по большей части предоставляю говорить другим', 'H', 'button', 'single'),
(1831, 11, 'Мне больше нравится читать', 'I', 'button', 'single'),
(1841, 11, 'Когда мною пытаются командовать, я нарочно делаю все наоборот', 'L', 'button', 'single'),
(1851, 11, 'Если начальство или член семьи в чем-то меня упрекают, то, как правило, только за дело', 'L', 'button', 'single'),
(1861, 11, 'Мне не нравится манера некоторых людей «уставиться» и бесцеремонно смотреть на человека в магазине или на улице', 'M', 'button', 'single'),
(1871, 11, 'Во время продолжительного путешествия я предпочел бы', 'M', 'button', 'single'),
(1881, 11, 'В шутках о смерти нет ничего дурного или противного хорошему вкусу', 'N', 'button', 'single'),
(1891, 11, 'Если мои знакомые плохо обращаются со мной и не скрывают своей неприязни', 'O', 'button', 'single'),
(1901, 11, 'Мне становится не по себе, когда мне говорят комплименты и хвалят в лицо', 'O', 'button', 'single'),
(1911, 11, 'Я предпочел бы иметь работу', 'Q1', 'button', 'single'),
(1921, 11, 'Мне легче решить трудный вопрос или проблему', 'Q2', 'button', 'single'),
(1931, 11, 'Я охотно участвую в общественной жизни, в работе разных комиссий', 'Q2', 'button', 'single'),
(1941, 11, 'Выполняя какую-либо работу, я не успокоюсь, пока не будут учтены даже самые незначительные детали', 'Q3', 'button', 'single'),
(1951, 11, 'Иногда совсем незначительные препятствия очень сильно раздражают меня', 'Q4', 'button', 'single'),
(1961, 11, 'Я сплю крепко, никогда не разговариваю во сне', 'Q4', 'button', 'single'),
(1971, 11, 'Если бы я работал в хозяйственной сфере, мне было бы интереснее', 'A', 'button', 'single'),
(1981, 11, '«Размер» так относится к «длина», как «нечестный» к', 'B', 'button', 'single'),
(1991, 11, 'АБ так относится к ГВ, как СР к', 'B', 'button', 'single'),
(2001, 11, 'Когда люди ведут себя неблагоразумно и безрассудно', 'C', 'button', 'single'),
(2011, 11, 'Когда я слушаю музыку, а рядом громко разговаривают', 'C', 'button', 'single'),
(2021, 11, 'Думаю, что обо мне правильнее сказать, что я', 'E', 'button', 'single'),
(2031, 11, 'Я считаю, что', 'F', 'button', 'single'),
(2041, 11, 'Лучше быть осторожным и ожидать малого, чем заранее радоваться, в глубине души предвкушая успех', 'F', 'button', 'single'),
(2051, 11, 'Если я задумываюсь о возможных трудностях в своей работе', 'G', 'button', 'single'),
(2061, 11, 'Я легко осваиваюсь в любом обществе', 'H', 'button', 'single'),
(2071, 11, 'Когда нужно немного дипломатии и умения убедить людей в чем-нибудь, обычно обращаются ко мне', 'H', 'button', 'single'),
(2081, 11, 'Мне было бы интереснее', 'I', 'button', 'single'),
(2091, 11, 'Если я абсолютно уверен, что человек поступает несправедливо или эгоистично, я заявляю ему об этом, даже если это грозит мне некоторыми неприятностями', 'L', 'button', 'single'),
(2101, 11, 'Иногда я в шутку делаю какое-нибудь дурашливое замечание только для того, чтобы удивить людей и посмотреть, что они на это скажут', 'L', 'button', 'single'),
(2111, 11, 'Я бы с удовольствием работал в газете обозревателем театральных постановок, концертов и т.п.', 'M', 'button', 'single'),
(2121, 11, 'Если мне приходится долго сидеть на собрании, не разговаривая и не двигаясь, я никогда не испытываю потребности рисовать что-либо и ерзать на стуле', 'M', 'button', 'single'),
(2131, 11, 'Если мне кто-то говорит то, что, как мне известно, не соответствует действительности, я скорее подумаю', 'N', 'button', 'single'),
(2141, 11, 'Предчувствие, что меня ожидает какое-то наказание, даже если я не сделал ничего дурного, возникает у меня', 'O', 'button', 'single'),
(2151, 11, 'Бывает, что из-за неприятностей у меня пропадает аппетит', 'O', 'button', 'single'),
(2161, 11, 'Торжественность, красочность должны обязательно сохраняться в любой важной государственной церемонии', 'Q1', 'button', 'single'),
(2171, 11, 'Мне неприятно, если люди считают, что, я слишком несдержан и пренебрегаю правилами приличия', 'Q2', 'button', 'single'),
(2181, 11, 'Работая над чем-то, я предпочел бы делать это', 'Q2', 'button', 'single'),
(2191, 11, 'Бывают периоды, когда трудно удержаться от чувства жалости к самому себе', 'Q3', 'button', 'single'),
(2201, 11, 'Зачастую люди слишком быстро выводят меня из себя', 'Q4', 'button', 'single'),
(2211, 11, 'Я всегда могу без особых трудностей избавиться от старых привычек и не возвращаться к ним больше', 'Q4', 'button', 'single'),
(2221, 11, 'При одинаковой зарплате я предпочел бы быть', 'A', 'button', 'single'),
(2231, 11, '«Лучше» так относится к «наихудшему», как «медленный» к', 'B', 'button', 'single'),
(2241, 11, 'Какое из следующих сочетаний знаков должно продолжить этот ряд ХООООХХОООХХХ', 'B', 'button', 'single'),
(2251, 11, 'Когда приходит время для осуществления того, что заранее планировал и ждал, я иногда чувствую себя не в состоянии это сделать', 'C', 'button', 'single'),
(2261, 11, 'Обычно я могу сосредоточиться и работать, не обращая внимания на то, что люди вокруг очень шумят', 'C', 'button', 'single'),
(2271, 11, 'Бывает, что я говорю незнакомым людям о вещах, которые кажутся мне важными, независимо от того, спрашивают меня об этом или нет', 'E', 'button', 'single'),
(2281, 11, 'Я провожу много свободного времени, беседуя с друзьями о тех приятных событиях, которые вместе пережили когда-то', 'F', 'button', 'single'),
(2291, 11, 'Мне доставляет удовольствие совершать рискованные поступки только ради забавы', 'F', 'button', 'single'),
(2301, 11, 'Меня очень раздражает вид неубранной комнаты', 'G', 'button', 'single'),
(2311, 11, 'Я считаю себя очень общительным (открытым) человеком', 'H', 'button', 'single'),
(2321, 11, 'В общении с людьми', 'H', 'button', 'single'),
(2331, 11, 'Я люблю музыку', 'I', 'button', 'single'),
(2341, 11, 'Меня больше восхищает красота стиха, чем красота и совершенство оружия', 'I', 'button', 'single'),
(2351, 11, 'Если мое удачное замечание осталось незамеченным', 'L', 'button', 'single'),
(2361, 11, 'Мне хотелось бы вести работу среди несовершеннолетних правонарушителей, освобожденных на поруки', 'M', 'button', 'single'),
(2371, 11, 'Для меня более важно', 'M', 'button', 'single'),
(2381, 11, 'В туристическом путешествии я предпочел бы придерживаться программы, составленной специалистами, нежели самому планировать свой маршрут', 'N', 'button', 'single'),
(2391, 11, 'Обо мне справедливо думают, что я упорный и трудолюбивый человек, но успехов добиваюсь редко', 'O', 'button', 'single'),
(2401, 11, 'Если люди злоупотребляют моим расположением к ним, я не обижаюсь и быстро забываю об этом', 'O', 'button', 'single'),
(2411, 11, 'Если бы в группе разгорелся жаркий спор', 'Q1', 'button', 'single'),
(2421, 11, 'Я предпочитаю планировать свои дела сам, без постороннего вмешательства и чужих советов', 'Q2', 'button', 'single'),
(2431, 11, 'Иногда чувство зависти влияет на мои поступки', 'Q3', 'button', 'single'),
(2441, 11, 'Я твердо убежден, что начальник может быть не всегда прав, но он всегда имеет право настоять на своем', 'Q3', 'button', 'single'),
(2451, 11, 'Я начинаю нервничать, когда задумываюсь обо всем, что меня ожидает', 'Q4', 'button', 'single'),
(2461, 11, 'Если я участвую в какой-нибудь игре, а окружающие громко высказывают свои соображения, меня это не выводит из равновесия', 'Q4', 'button', 'single'),
(2471, 11, 'Мне кажется интересно быть', 'A', 'button', 'single'),
(2481, 11, 'Какое из следующих слов не подходит к двум остальным', 'B', 'button', 'single'),
(2491, 11, '«Пламя» так относится к «жара», как «роза» к', 'B', 'button', 'single'),
(2501, 11, 'У меня бывают такие волнующие сны, что я просыпаюсь', 'C', 'button', 'single'),
(2511, 11, 'Даже если многое против успеха какого-либо начинания, я всетаки считаю, что стоит рискнуть', 'E', 'button', 'single'),
(2521, 11, 'Мне нравятся ситуации, в которых я невольно оказываюсь в роли руководителя, потому что лучше всех знаю, что должен сделать коллектив', 'E', 'button', 'single'),
(2531, 11, 'Я предпочел бы одеваться скорее скромно, как большинство людей, чем броско и оригинально', 'F', 'button', 'single'),
(2541, 11, 'Вечер, проведенный за любимым занятием, привлекает меня больше, чем оживленная вечеринка', 'F', 'button', 'single'),
(2551, 11, 'Порой я пренебрегаю добрыми советами людей, хотя и знаю, что не должен бы этого делать', 'G', 'button', 'single'),
(2561, 11, 'Принимая решения, я считаю для себя обязательным учитывать основные нормы поведения: «что такое хорошо и что такое плохо»', 'G', 'button', 'single'),
(2571, 11, 'Мне не нравится, когда люди смотрят, как я работаю', 'H', 'button', 'single'),
(2581, 11, 'Не всегда можно осуществить что-либо постепенными, умеренными методами, иногда необходимо применить силу', 'I', 'button', 'single'),
(2591, 11, 'В школе я предпочитал (предпочитаю)', 'I', 'button', 'single'),
(2601, 11, 'Иногда у меня бывали огорчения из-за того, что люди говорили обо мне дурно за глаза без всяких на то оснований', 'L', 'button', 'single'),
(2611, 11, 'Разговоры с людьми заурядными, связанными условностями и своими привычками', 'M', 'button', 'single'),
(2621, 11, 'Некоторые вещи вызывают во мне такой гнев, что я предпочитаю вообще о них не говорить', 'M', 'button', 'single'),
(2631, 11, 'В воспитании важнее', 'N', 'button', 'single'),
(2641, 11, 'Люди считают меня спокойным, уравновешенным человеком, который остается невозмутимым при любых обстоятельствах', 'O', 'button', 'single'),
(2651, 11, 'Я думаю, что наше общество, руководствуясь целесообразностью, должно создавать новые обычаи и отбрасывать в сторону старые привычки и традиции', 'Q1', 'button', 'single'),
(2661, 11, 'У меня бывали неприятные случаи из-за того, что, задумавшись, я становился невнимательным', 'Q1', 'button', 'single'),
(2671, 11, 'Я лучше усваиваю материал', 'Q2', 'button', 'single'),
(2681, 11, 'Я предпочитаю действовать по-своему вместо того, чтобы придерживаться общепринятых правил', 'Q3', 'button', 'single'),
(2691, 11, 'Прежде чем высказать свое мнение, я предпочитаю подождать, пока не буду полностью уверен в своей правоте', 'Q3', 'button', 'single'),
(2701, 11, 'Иногда мелочи нестерпимо действуют на нервы, хотя я и понимаю, что это пустяки', 'Q4', 'button', 'single'),
(2711, 11, 'Я не часто (т.е. редко) говорю под влиянием момента такое, о чем мне позже приходится жалеть', 'Q4', 'button', 'single'),
(2721, 11, 'Если бы меня попросили организовать сбор денег на подарок кому-нибудь или участвовать в организации юбилейного торжества', 'A', 'button', 'single'),
(2731, 11, 'Какое из следующих слов не подходит к двум остальным', 'B', 'button', 'single'),
(2741, 11, '«Скоро» так относится к «никогда», как «близко» к', 'B', 'button', 'single'),
(2751, 11, 'Если я совершил какой-то промах в обществе, я довольно быстро забываю об этом', 'C', 'button', 'single'),
(2761, 11, 'Окружающим известно, что у меня много разных идей и я почти всегда могу предложить какое-то решение проблемы', 'E', 'button', 'single'),
(2771, 11, 'Пожалуй, для меня более характерна', 'E', 'button', 'single'),
(2781, 11, 'Меня считают очень восторженным человеком', 'F', 'button', 'single'),
(2791, 11, 'Мне нравится работа разнообразная, связанная с частыми переменами и поездками, даже если она немного опасна', 'F', 'button', 'single'),
(2801, 11, 'Я весьма пунктуальный и всегда настаиваю на том, чтобы все выполнялось как можно точнее', 'G', 'button', 'single'),
(2811, 11, 'Мне доставляет удовольствие работа, которая требует особой добросовестности и тонкого мастерства', 'G', 'button', 'single'),
(2821, 11, 'Я принадлежу к числу энергичных людей, которые всегда чем-то заняты', 'H', 'button', 'single'),
(2831, 11, 'Я добросовестно ответил на все вопросы и ни одного не пропустил', 'A', 'button', 'single');

INSERT INTO Answer (Answer_ID, Question_ID, Description, Value) VALUES
(1941, 971, 'да', 0),
(1951, 971, 'не уверен', 0),
(1961, 971, 'нет', 0),
(1971, 981, 'да', 0),
(1981, 981, 'не уверен', 0),
(1991, 981, 'нет', 0),
(2001, 991, 'в оживленном дачном поселке', 2),
(2011, 991, 'я предпочел бы нечто среднее', 1),
(2021, 991, 'уединенно в лесу', 0),
(2031, 1001, 'всегда', 2),
(2041, 1001, 'обычно', 1),
(2051, 1001, 'редко', 0),
(2061, 1011, 'да, это верно', 0),
(2071, 1011, 'не уверен', 1),
(2081, 1011, 'нет, это неверно', 2),
(2091, 1021, 'да', 0),
(2101, 1021, 'иногда', 1),
(2111, 1021, 'нет', 2),
(2121, 1031, 'обычно', 2),
(2131, 1031, 'иногда', 1),
(2141, 1031, 'никогда не делаю', 0),
(2151, 1041, 'верно', 0),
(2161, 1041, 'не уверен', 1),
(2171, 1041, 'неверно', 2),
(2181, 1051, 'я предоставил бы им самим выяснить отношения', 0),
(2191, 1051, 'не знаю, что предпринял бы', 1),
(2201, 1051, 'я постарался бы разобраться в их споре', 2),
(2211, 1061, 'я легко выхожу вперед', 2),
(2221, 1061, 'верно нечто среднее', 1),
(2231, 1061, 'я предпочитаю держаться в стороне', 0),
(2241, 1071, 'инженером-конструктором', 0),
(2251, 1071, 'не знаю, что предпочесть', 1),
(2261, 1071, 'драматургом', 2),
(2271, 1081, 'да, это верно', 2),
(2281, 1081, 'не уверен', 1),
(2291, 1081, 'нет, это неверно', 0),
(2301, 1091, 'да', 0),
(2311, 1091, 'верно нечто среднее', 1),
(2321, 1091, 'нет', 2),
(2331, 1101, 'да', 0),
(2341, 1101, 'верно нечто среднее', 1),
(2351, 1101, 'нет', 2),
(2361, 1111, 'согласен', 0),
(2371, 1111, 'не уверен', 1),
(2381, 1111, 'не согласен', 2),
(2391, 1121, 'где можно заработать, если даже заработки непостоянны', 0),
(2401, 1121, 'не знаю, что выбрать', 1),
(2411, 1121, 'с относительно невысокой, но постоянной зарплатой', 2),
(2421, 1131, 'только в случае необходимости', 2),
(2431, 1131, 'верно нечто среднее', 1),
(2441, 1131, 'охотно, когда предоставляется возможность', 0),
(2451, 1141, 'да', 2),
(2461, 1141, 'верно нечто среднее', 1),
(2471, 1141, 'нет', 0),
(2481, 1151, 'никакого чувства вины у меня не возникает', 0),
(2491, 1151, 'верно нечто среднее', 1),
(2501, 1151, 'я все же чувствую себя немного виноватым', 2),
(2511, 1161, 'отказываются использовать современные методы', 2),
(2521, 1161, 'не знают, что выбрать', 1),
(2531, 1161, 'постоянно пытаются что-то изменить в работе, которая и так идет нормально', 0),
(2541, 1171, 'сердцем', 0),
(2551, 1171, 'сердцем и рассудком в равной мере', 1),
(2561, 1171, 'рассудком', 2),
(2571, 1181, 'да', 0),
(2581, 1181, 'верно нечто среднее', 1),
(2591, 1181, 'нет', 2),
(2601, 1191, 'да', 0),
(2611, 1191, 'затрудняюсь ответить', 1),
(2621, 1191, 'нет', 2),
(2631, 1201, 'высказывать свои мысли сразу, как только они приходят в голову', 0),
(2641, 1201, 'верно нечто среднее', 1),
(2651, 1201, 'прежде хорошенько собраться с мыслями', 2),
(2661, 1211, 'да', 0),
(2671, 1211, 'верно нечто среднее', 1),
(2681, 1211, 'нет', 2),
(2691, 1221, 'столяром или поваром', 0),
(2701, 1221, 'не знаю, что выбрать', 1),
(2711, 1221, 'официантом в хорошем ресторане', 2),
(2721, 1231, 'очень мало выборных должностей', 0),
(2731, 1231, 'несколько', 1),
(2741, 1231, 'много выборных должностей', 2),
(2751, 1241, '«острый»', 0),
(2761, 1241, '«резать»', 1),
(2771, 1241, '«точить»', 0),
(2781, 1251, 'да, это верно', 0),
(2791, 1251, 'не уверен', 1),
(2801, 1251, 'нет, это неверно', 2),
(2811, 1261, 'да, это верно', 2),
(2821, 1261, 'не уверен', 1),
(2831, 1261, 'нет, это неверно', 0),
(2841, 1271, 'только после основательного обсуждения', 0),
(2851, 1271, 'верно нечто среднее', 1),
(2861, 1271, 'немедленно', 2),
(2871, 1281, 'да, это верно', 0),
(2881, 1281, 'верно нечто среднее', 1),
(2891, 1281, 'это неверно', 2),
(2901, 1291, 'да', 2),
(2911, 1291, 'не уверен', 1),
(2921, 1291, 'нет', 0),
(2931, 1301, 'меня это не волнует', 0),
(2941, 1301, 'верно нечто среднее', 1),
(2951, 1301, 'они вызывают у меня неприязнь и отвращение', 2),
(2961, 1311, 'да', 0),
(2971, 1311, 'верно нечто среднее', 1),
(2981, 1311, 'нет', 2),
(2991, 1321, 'да', 2),
(3001, 1321, 'верно нечто среднее', 1),
(3011, 1321, 'нет', 0),
(3021, 1331, 'уроки музыки (пения)', 2),
(3031, 1331, 'затрудняюсь сказать', 1),
(3041, 1331, 'занятия в мастерской, ручной труд', 0),
(3051, 1341, 'да', 2),
(3061, 1341, 'иногда', 1),
(3071, 1341, 'нет', 0),
(3081, 1351, 'способствовали тонкому развитию чувств у своих детей', 2),
(3091, 1351, 'выбирали нечто среднее между «а» и «в»', 1),
(3101, 1351, 'учили детей управлять своими чувствами', 0),
(3111, 1361, 'попытаться внести улучшения в организацию труда', 2),
(3121, 1361, 'верно нечто среднее', 1),
(3131, 1361, 'вести записи и следить за тем, чтобы соблюдались правила', 0),
(3141, 1371, 'да', 0),
(3151, 1371, 'верно нечто среднее', 1),
(3161, 1371, 'нет', 2),
(3171, 1381, 'да', 2),
(3181, 1381, 'верно нечто среднее', 1),
(3191, 1381, 'нет', 0),
(3201, 1391, 'да, это верно', 2),
(3211, 1391, 'верно нечто среднее', 1),
(3221, 1391, 'это неверно', 0),
(3231, 1401, 'использую этот случай, чтобы попросить о том, что мне нужно', 0),
(3241, 1401, 'верно нечто среднее', 1),
(3251, 1401, 'беспокоюсь, что сделал что-то не так', 2),
(3261, 1411, 'да', 0),
(3271, 1411, 'не уверен', 1),
(3281, 1411, 'нет', 2),
(3291, 1421, 'да', 2),
(3301, 1421, 'не уверен', 1),
(3311, 1421, 'нет', 0),
(3321, 1431, 'очень редко', 2),
(3331, 1431, 'от случая к случаю', 1),
(3341, 1431, 'довольно часто', 0),
(3351, 1441, 'да', 2),
(3361, 1441, 'верно нечто среднее', 1),
(3371, 1441, 'нет', 0),
(3381, 1451, 'да', 2),
(3391, 1451, 'верно нечто среднее', 1),
(3401, 1451, 'нет', 0),
(3411, 1461, 'да', 2),
(3421, 1461, 'верно нечто среднее', 1),
(3431, 1461, 'нет', 0),
(3441, 1471, 'лесничим', 0),
(3451, 1471, 'трудно выбрать', 1),
(3461, 1471, 'учителем старших классов', 2),
(3471, 1481, 'я люблю делать подарки', 2),
(3481, 1481, 'затрудняюсь ответить', 1),
(3491, 1481, 'считаю, что покупка подарков — несколько неприятная обязанность', 0),
(3501, 1491, '«улыбка»', 0),
(3511, 1491, '«успех»', 1),
(3521, 1491, '«счастливый»', 0),
(3531, 1501, '«свеча»', 0),
(3541, 1501, '«луна»', 1),
(3551, 1501, '«лампа»', 0),
(3561, 1511, 'меня не подводили', 2),
(3571, 1511, 'изредка', 1),
(3581, 1511, 'подводили довольно часто', 0),
(3591, 1521, 'да', 2),
(3601, 1521, 'не уверен', 1),
(3611, 1521, 'нет', 0),
(3621, 1531, 'да, это верно', 0),
(3631, 1531, 'скорее что-то среднее', 1),
(3641, 1531, 'это неверно', 2),
(3651, 1541, 'чаще одного раза в неделю (чаще, чем большинство людей)', 2),
(3661, 1541, 'примерно раз в неделю (как большинство)', 1),
(3671, 1541, 'реже одного раза в неделю (реже, чем большинство)', 0),
(3681, 1551, 'да', 0),
(3691, 1551, 'не уверен', 1),
(3701, 1551, 'нет', 2),
(3711, 1561, 'да', 0),
(3721, 1561, 'верно нечто среднее', 1),
(3731, 1561, 'нет', 2),
(3741, 1571, 'да', 0),
(3751, 1571, 'верно нечто среднее', 1),
(3761, 1571, 'нет', 2),
(3771, 1581, 'да', 0),
(3781, 1581, 'верно нечто среднее между «а» и «в»', 1),
(3791, 1581, 'нет', 2),
(3801, 1591, 'я постарался бы успокоить его', 0),
(3811, 1591, 'не знаю, что бы я предпринял', 1),
(3821, 1591, 'это вызвало бы у меня раздражение', 2),
(3831, 1601, 'да, это верно', 0),
(3841, 1601, 'не уверен', 1),
(3851, 1601, 'нет, это неверно', 2),
(3861, 1611, 'да', 2),
(3871, 1611, 'верно нечто среднее', 1),
(3881, 1611, 'нет, это неверно', 0),
(3891, 1621, 'да, это верно', 0),
(3901, 1621, 'не уверен', 1),
(3911, 1621, 'нет, это неверно', 2),
(3921, 1631, 'да, это верно', 0),
(3931, 1631, 'не уверен', 1),
(3941, 1631, 'нет, это неверно', 2),
(3951, 1641, 'очень редко', 0),
(3961, 1641, 'среднее между «а» и «в»', 1),
(3971, 1641, 'довольно часто', 2),
(3981, 1651, 'да', 2),
(3991, 1651, 'верно нечто среднее между «а» и «в»', 1),
(4001, 1651, 'нет', 0),
(4011, 1661, 'оставался при своем мнении', 2),
(4021, 1661, 'среднее между «а» и «в»', 1),
(4031, 1661, 'уступал, признавая их авторитет', 0),
(4041, 1671, 'да', 2),
(4051, 1671, 'не уверен', 1),
(4061, 1671, 'нет', 0),
(4071, 1681, 'да', 2),
(4081, 1681, 'верно нечто среднее', 1),
(4091, 1681, 'нет', 0),
(4101, 1691, 'это верно', 2),
(4111, 1691, 'не уверен', 1),
(4121, 1691, 'это неверно', 0),
(4131, 1701, 'часто', 2),
(4141, 1701, 'изредка', 1),
(4151, 1701, 'никогда', 0),
(4161, 1711, 'да', 0),
(4171, 1711, 'верно скорее среднее', 1),
(4181, 1711, 'нет', 2),
(4191, 1721, 'работать над ним в лаборатории дальше', 0),
(4201, 1721, 'трудно выбрать', 1),
(4211, 1721, 'позаботиться о его практическом использовании', 2),
(4221, 1731, '«храбрый»', 0),
(4231, 1731, '«беспокойный»', 0),
(4241, 1731, '«ужасный»', 1),
(4251, 1741, '3/7', 0),
(4261, 1741, '3/9', 1),
(4271, 1741, '3/11', 0),
(4281, 1751, 'верно', 0),
(4291, 1751, 'не уверен', 1),
(4301, 1751, 'неверно', 2),
(4311, 1761, 'очень часто', 0),
(4321, 1761, 'иногда', 1),
(4331, 1761, 'никогда', 2),
(4341, 1771, 'да', 0),
(4351, 1771, 'среднее между «а» и «в»', 1),
(4361, 1771, 'нет', 2),
(4371, 1781, 'да', 0),
(4381, 1781, 'среднее между «а» и «в»', 1),
(4391, 1781, 'нет', 2),
(4401, 1791, 'верно', 2),
(4411, 1791, 'не уверен', 1),
(4421, 1791, 'неверно', 0),
(4431, 1801, 'да', 0),
(4441, 1801, 'среднее между «а» и «в»', 1),
(4451, 1801, 'нет', 2),
(4461, 1811, 'довольно часто', 0),
(4471, 1811, 'изредка', 1),
(4481, 1811, 'едва ли когда-нибудь', 2),
(4491, 1821, 'да', 0),
(4501, 1821, 'верно нечто среднее', 1),
(4511, 1821, 'нет', 2),
(4521, 1831, 'реалистические описания острых военных или политических конфликтов', 0),
(4531, 1831, 'не знаю, что выбрать', 1),
(4541, 1831, 'роман, возбуждающий воображение и чувства', 2),
(4551, 1841, 'да', 2),
(4561, 1841, 'верно нечто среднее', 1),
(4571, 1841, 'нет', 0),
(4581, 1851, 'верно', 0),
(4591, 1851, 'среднее между «а» и «в»', 1),
(4601, 1851, 'неверно', 2),
(4611, 1861, 'верно', 0),
(4621, 1861, 'верно нечто среднее', 1),
(4631, 1861, 'неверно', 2),
(4641, 1871, 'читать что-нибудь сложное, но интересное', 2),
(4651, 1871, 'не знаю, что выбрал бы', 1),
(4661, 1871, 'провести время, беседуя с попутчиком', 0),
(4671, 1881, 'да', 0),
(4681, 1881, 'верно нечто среднее', 1),
(4691, 1881, 'нет, не согласен', 2),
(4701, 1891, 'это нисколько не угнетает', 0),
(4711, 1891, 'верно нечто среднее', 1),
(4721, 1891, 'я падаю духом', 2),
(4731, 1901, 'верно', 2),
(4741, 1901, 'верно нечто среднее', 1),
(4751, 1901, 'неверно', 0),
(4761, 1911, 'с четко определенным и постоянным заработком', 0),
(4771, 1911, 'верно нечто среднее', 1),
(4781, 1911, 'с более высокой зарплатой, которая бы зависела от моих усилий и продуктивности', 2),
(4791, 1921, 'если я обсуждаю их с другом', 0),
(4801, 1921, 'верно нечто среднее', 1),
(4811, 1921, 'если я обдумываю их в одиночестве', 2),
(4821, 1931, 'да', 0),
(4831, 1931, 'верно нечто среднее', 1),
(4841, 1931, 'нет', 2),
(4851, 1941, 'верно', 2),
(4861, 1941, 'верно среднее между «а» и «в»', 1),
(4871, 1941, 'неверно', 0),
(4881, 1951, 'да', 2),
(4891, 1951, 'верно нечто среднее', 1),
(4901, 1951, 'нет', 0),
(4911, 1961, 'да, верно', 0),
(4921, 1961, 'нечто среднее', 1),
(4931, 1961, 'нет, не верно', 2),
(4941, 1971, 'беседовать с заказчиками, клиентами', 2),
(4951, 1971, 'выбрать нечто среднее', 1),
(4961, 1971, 'вести счет и другую документацию', 0),
(4971, 1981, '«тюрьма»', 0),
(4981, 1981, '«грешный»', 0),
(4991, 1981, '«укравший»', 1),
(5001, 1991, 'ПО', 0),
(5011, 1991, 'ОП', 1),
(5021, 1991, 'ТУ', 0),
(5031, 2001, 'я отношусь к этому спокойно', 2),
(5041, 2001, 'верно нечто среднее', 1),
(5051, 2001, 'испытываю к ним чувство презрения', 0),
(5061, 2011, 'это мне не мешает, я могу сосредоточиться', 2),
(5071, 2011, 'верно нечто среднее', 1),
(5081, 2011, 'это портит мне все удовольствие и злит меня', 0),
(5091, 2021, 'вежливый и спокойный', 0),
(5101, 2021, 'верно нечто среднее', 1),
(5111, 2021, 'энергичный и напористый', 2),
(5121, 2031, 'жить нужно по принципу «делу время — потехе час»', 0),
(5131, 2031, 'нечто среднее между «а» и «в»', 1),
(5141, 2031, 'жить нужно весело, не особенно заботясь о завтрашнем дне', 2),
(5151, 2041, 'согласен', 0),
(5161, 2041, 'не уверен', 1),
(5171, 2041, 'не согласен', 2),
(5181, 2051, 'я стараюсь заранее составить план, как с ними справиться', 2),
(5191, 2051, 'верно нечто среднее', 1),
(5201, 2051, 'думаю, что справлюсь с ними, когда появятся', 0),
(5211, 2061, 'да', 2),
(5221, 2061, 'не уверен', 1),
(5231, 2061, 'нет', 0),
(5241, 2071, 'да', 2),
(5251, 2071, 'верно нечто среднее', 1),
(5261, 2071, 'нет', 0),
(5271, 2081, 'консультировать молодых людей, помогать им в выборе работы', 2),
(5281, 2081, 'затрудняюсь ответить', 1),
(5291, 2081, 'работать инженером-экономистом', 0),
(5301, 2091, 'да', 2),
(5311, 2091, 'верно нечто среднее', 1),
(5321, 2091, 'нет', 0),
(5331, 2101, 'да', 2),
(5341, 2101, 'верно нечто среднее', 1),
(5351, 2101, 'нет', 0),
(5361, 2111, 'да', 2),
(5371, 2111, 'не уверен', 1),
(5381, 2111, 'нет', 0),
(5391, 2121, 'согласен', 2),
(5401, 2121, 'не уверен', 1),
(5411, 2121, 'не согласен', 0),
(5421, 2131, '«он — лжец»', 2),
(5431, 2131, 'верно нечто среднее', 1),
(5441, 2131, '«видимо, его неверно информировали»', 0),
(5451, 2141, 'часто', 2),
(5461, 2141, 'иногда', 1),
(5471, 2141, 'никогда', 0),
(5481, 2151, 'да', 2),
(5491, 2151, 'не уверен', 1),
(5501, 2151, 'нет', 0),
(5511, 2161, 'да', 0),
(5521, 2161, 'верно нечто среднее', 1),
(5531, 2161, 'нет', 2),
(5541, 2171, 'очень', 0),
(5551, 2171, 'немного', 1),
(5561, 2171, 'совсем не беспокоит', 2),
(5571, 2181, 'в коллективе', 0),
(5581, 2181, 'не знаю, что выбрал бы', 1),
(5591, 2181, 'самостоятельно', 2),
(5601, 2191, 'часто', 0),
(5611, 2191, 'иногда', 1),
(5621, 2191, 'никогда', 2),
(5631, 2201, 'да', 2),
(5641, 2201, 'верно нечто среднее', 1),
(5651, 2201, 'нет', 0),
(5661, 2211, 'да', 0),
(5671, 2211, 'верно нечто среднее', 1),
(5681, 2211, 'нет', 2),
(5691, 2221, 'адвокатом', 2),
(5701, 2221, 'затрудняюсь ответить', 1),
(5711, 2221, 'штурманом или летчиком', 0),
(5721, 2231, '«скорый»', 0),
(5731, 2231, '«наилучший»', 0),
(5741, 2231, '«быстрейший»', 1),
(5751, 2241, 'ОХХХ', 0),
(5761, 2241, 'ООХХ', 1),
(5771, 2241, 'ХООО', 0),
(5781, 2251, 'согласен', 0),
(5791, 2251, 'верно нечто среднее', 1),
(5801, 2251, 'не согласен', 2),
(5811, 2261, 'да', 2),
(5821, 2261, 'верно нечто среднее', 1),
(5831, 2261, 'нет', 0),
(5841, 2271, 'да', 2),
(5851, 2271, 'верно нечто среднее', 1),
(5861, 2271, 'нет', 0),
(5871, 2281, 'да', 2),
(5881, 2281, 'верно нечто среднее', 1),
(5891, 2281, 'нет', 0),
(5901, 2291, 'да', 2),
(5911, 2291, 'верно нечто среднее', 1),
(5921, 2291, 'нет', 0),
(5931, 2301, 'да', 2),
(5941, 2301, 'верно нечто среднее', 1),
(5951, 2301, 'нет', 0),
(5961, 2311, 'да', 2),
(5971, 2311, 'верно нечто среднее', 1),
(5981, 2311, 'нет', 0),
(5991, 2321, 'я стараюсь «выражать» свои чувства', 2),
(6001, 2321, 'верно нечто среднее', 1),
(6011, 2321, 'я скрываю свои чувства', 0),
(6021, 2331, 'холодноватую', 0),
(6031, 2331, 'верно нечто среднее', 1),
(6041, 2331, 'эмоционально насыщенную и сентиментальную', 2),
(6051, 2341, 'да', 2),
(6061, 2341, 'не уверен', 1),
(6071, 2341, 'нет', 0),
(6081, 2351, 'я не повторяю его', 0),
(6091, 2351, 'затрудняюсь ответить', 1),
(6101, 2351, 'повторяю свое замечание снова', 2),
(6111, 2361, 'да', 2),
(6121, 2361, 'верно нечто среднее', 1),
(6131, 2361, 'нет', 0),
(6141, 2371, 'сохранять хорошие отношения с людьми', 0),
(6151, 2371, 'верно нечто среднее', 1),
(6161, 2371, 'свободно выражать свои чувства', 2),
(6171, 2381, 'да', 2),
(6181, 2381, 'не уверен', 1),
(6191, 2381, 'нет', 0),
(6201, 2391, 'да', 2),
(6211, 2391, 'не уверен', 1),
(6221, 2391, 'нет', 0),
(6231, 2401, 'согласен', 0),
(6241, 2401, 'не уверен', 1),
(6251, 2401, 'не согласен', 2),
(6261, 2411, 'мне было бы любопытно, кто выйдет победителем', 2),
(6271, 2411, 'верно нечто среднее', 1),
(6281, 2411, 'я бы очень хотел, чтобы все закончилось мирно', 0),
(6291, 2421, 'да', 2),
(6301, 2421, 'верно нечто среднее', 1),
(6311, 2421, 'нет', 0),
(6321, 2431, 'да', 0),
(6331, 2431, 'верно нечто среднее', 1),
(6341, 2431, 'нет', 2),
(6351, 2441, 'да', 2),
(6361, 2441, 'не уверен', 1),
(6371, 2441, 'нет', 0),
(6381, 2451, 'да', 2),
(6391, 2451, 'иногда', 1),
(6401, 2451, 'нет', 0),
(6411, 2461, 'согласен', 0),
(6421, 2461, 'не уверен', 1),
(6431, 2461, 'не согласен', 2),
(6441, 2471, 'художником', 0),
(6451, 2471, 'не знаю, что выбрать', 1),
(6461, 2471, 'директором театра или киностудии', 2),
(6471, 2481, '«какой-либо»', 1),
(6481, 2481, '«несколько»', 0),
(6491, 2481, '«большая часть»', 0),
(6501, 2491, '«шипы»', 0),
(6511, 2491, '«красные лепестки»', 0),
(6521, 2491, '«запах»', 1),
(6531, 2501, 'часто', 0),
(6541, 2501, 'изредка', 1),
(6551, 2501, 'практически никогда', 2),
(6561, 2511, 'да', 2),
(6571, 2511, 'верно нечто среднее', 1),
(6581, 2511, 'нет', 0),
(6591, 2521, 'да', 2),
(6601, 2521, 'верно нечто среднее', 1),
(6611, 2521, 'нет', 0),
(6621, 2531, 'согласен', 0),
(6631, 2531, 'не уверен', 1),
(6641, 2531, 'не согласен', 2),
(6651, 2541, 'согласен', 2),
(6661, 2541, 'не уверен', 1),
(6671, 2541, 'не согласен', 0),
(6681, 2551, 'изредка', 0),
(6691, 2551, 'вряд ли когда-нибудь', 1),
(6701, 2551, 'никогда', 2),
(6711, 2561, 'да', 2),
(6721, 2561, 'верно нечто среднее', 1),
(6731, 2561, 'нет', 0),
(6741, 2571, 'да, это верно', 0),
(6751, 2571, 'верно нечто среднее', 1),
(6761, 2571, 'нет, мне все равно', 2),
(6771, 2581, 'согласен', 0),
(6781, 2581, 'верно нечто среднее', 1),
(6791, 2581, 'не согласен', 2),
(6801, 2591, 'русский язык', 2),
(6811, 2591, 'трудно сказать', 1),
(6821, 2591, 'математику или арифметику', 0),
(6831, 2601, 'да', 2),
(6841, 2601, 'затрудняюсь ответить', 1),
(6851, 2601, 'нет', 0),
(6861, 2611, 'часто бывают весьма интересны и содержательны', 2),
(6871, 2611, 'верно нечто среднее', 1),
(6881, 2611, 'раздражают меня, так как беседа вертится вокруг пустяков и ей не достает глубины', 0),
(6891, 2621, 'да', 0),
(6901, 2621, 'верно нечто среднее', 1),
(6911, 2621, 'нет', 2),
(6921, 2631, 'окружить ребенка любовью и заботой', 2),
(6931, 2631, 'верно нечто среднее', 1),
(6941, 2631, 'вырабатывать у ребенка желательные навыки и взгляды', 0),
(6951, 2641, 'да', 0),
(6961, 2641, 'верно нечто среднее', 1),
(6971, 2641, 'нет', 2),
(6981, 2651, 'да', 2),
(6991, 2651, 'верно нечто среднее', 1),
(7001, 2651, 'нет', 0),
(7011, 2661, 'едва ли когда-нибудь', 0),
(7021, 2661, 'верно нечто среднее', 1),
(7031, 2661, 'несколько раз', 2),
(7041, 2671, 'читая хорошо написанную книгу', 2),
(7051, 2671, 'верно нечто среднее', 1),
(7061, 2671, 'участвуя в коллективном обсуждении', 0),
(7071, 2681, 'согласен', 0),
(7081, 2681, 'не уверен', 1),
(7091, 2681, 'не согласен', 2),
(7101, 2691, 'всегда', 2),
(7111, 2691, 'обычно', 1),
(7121, 2691, 'только если это практически невозможно', 0),
(7131, 2701, 'да', 2),
(7141, 2701, 'верно нечто среднее', 1),
(7151, 2701, 'нет', 0),
(7161, 2711, 'согласен', 0),
(7171, 2711, 'не уверен', 1),
(7181, 2711, 'не согласен', 2),
(7191, 2721, 'я согласился бы', 2),
(7201, 2721, 'не знаю, что сделал бы', 1),
(7211, 2721, 'сказал бы, что, к сожалению, очень занят', 0),
(7221, 2731, '«широкий»', 1),
(7231, 2731, '«зигзагообразный»', 0),
(7241, 2731, '«прямой»', 0),
(7251, 2741, '«нигде»', 1),
(7261, 2741, '«далеко»', 0),
(7271, 2741, '«прочь»', 0),
(7281, 2751, 'да', 2),
(7291, 2751, 'верно нечто среднее', 1),
(7301, 2751, 'нет', 0),
(7311, 2761, 'да', 2),
(7321, 2761, 'верно нечто среднее', 1),
(7331, 2761, 'нет', 0),
(7341, 2771, 'нервозность при встрече с неожиданными трудностями, вызванными чьим-то нежеланием или сопротивлением', 2),
(7351, 2771, 'не знаю, что выбрать', 1),
(7361, 2771, 'терпимость к желаниям (требованиям) других людей', 0),
(7371, 2781, 'да', 2),
(7381, 2781, 'верно нечто среднее', 1),
(7391, 2781, 'нет', 0),
(7401, 2791, 'да', 2),
(7411, 2791, 'верно нечто среднее', 1),
(7421, 2791, 'нет', 0),
(7431, 2801, 'согласен', 2),
(7441, 2801, 'верно нечто среднее', 1),
(7451, 2801, 'не согласен', 0),
(7461, 2811, 'да', 2),
(7471, 2811, 'верно нечто среднее', 1),
(7481, 2811, 'нет', 0),
(7491, 2821, 'да', 2),
(7501, 2821, 'не уверен', 1),
(7511, 2821, 'нет', 0),
(7521, 2831, 'да', 0),
(7531, 2831, 'не уверен', 0),
(7541, 2831, 'нет', 0);

-- "Ценностный опросник Шварца"
INSERT INTO Test (Test_ID, Name, Instruction, CanRedo) VALUES (21, 'Ценностный опросник Шварца', 'В первом тесте данного опросника Вам необходимо ответить на вопросы: «Какие ценности (жизненные цели) важны лично для меня как руководящие принципы моей жизни и какие менее важны?». Ваша задача заключается в том, чтобы оценить степень важности каждой по следующему алгоритму:\n+ В вопросах с 1 по 30 включительно для каждой ценности оцените ее значимость оценкой от «7» (наивысшей значимости) до «-1» (противоречащей Вашим принципам).\n+ С 31 по 57 вопрос включительно необходимо оценить, насколько важна для Вас каждая из приведённых ценностей. Они выражены в способах действия. Оценка даётся от «7» наивысшей значимости) до «-1» (противоречащей Вашим принципам).\n\nВо втором тесте опросника приведены описания некоторых людей. Пожалуйста, прочитайте каждое описание и подумайте, насколько описанный человек похож или не похож на Вас. Затем нажмите на кнопку с соответствующей оценкой. Сама оценка даётся от «4» (очень похож) до «-1» (совсем не похож).\n\n**Вы можете вернуться к инструкции, нажав на надпись «Вопрос №...» наверху**.', 0);

INSERT INTO Question (Question_ID, Test_ID, Description, Category, Type, A_Mode) VALUES
(2841, 21, 'РАВЕНСТВО (равные возможности для всех)', 'Универсализм (нормативный идеал)', 'button', 'single'),
(2851, 21, 'ВНУТРЕННЯЯ ГАРМОНИЯ (быть в мире с самим собой)', 'Безопасность (нормативный идеал)', 'button', 'single'),
(2861, 21, 'СОЦИАЛЬНАЯ СИЛА (контроль над другими, доминантность)', 'Власть (нормативный идеал)', 'button', 'single'),
(2871, 21, 'УДОВОЛЬСТВИЕ (удовлетворение желаний)', 'Гедонизм (нормативный идеал)', 'button', 'single'),
(2881, 21, 'СВОБОДА (свобода мыслей и действий)', 'Самостоятельность (нормативный идеал)', 'button', 'single'),
(2891, 21, 'ДУХОВНАЯ ЖИЗНЬ (акцент на духовных, а не материальных вопросах)', 'Безопасность (нормативный идеал)', 'button', 'single'),
(2901, 21, 'ЧУВСТВО ПРИНАДЛЕЖНОСТИ (ощущение, что другие заботятся обо мне)', 'Безопасность (нормативный идеал)', 'button', 'single'),
(2911, 21, 'СОЦИАЛЬНЫЙ ПОРЯДОК (стабильность общества)', 'Безопасность (нормативный идеал)', 'button', 'single'),
(2921, 21, 'ЖИЗНЬ, ПОЛНАЯ ВПЕЧАТЛЕНИЙ (стремление к новизне)', 'Стимуляция (нормативный идеал)', 'button', 'single'),
(2931, 21, 'СМЫСЛ ЖИЗНИ (цели в жизни)', 'Безопасность (нормативный идеал)', 'button', 'single'),
(2941, 21, 'ВЕЖЛИВОСТЬ (предупредительность, хорошие манеры)', 'Конформность (нормативный идеал)', 'button', 'single'),
(2951, 21, 'БОГАТСТВО (материальная собственность, деньги)', 'Власть (нормативный идеал)', 'button', 'single'),
(2961, 21, 'НАЦИОНАЛЬНАЯ БЕЗОПАСНОСТЬ (защищенность своей нации от врагов)', 'Безопасность (нормативный идеал)', 'button', 'single'),
(2971, 21, 'САМОУВАЖЕНИЕ (вера в собственную ценность)', 'Безопасность (нормативный идеал)', 'button', 'single'),
(2981, 21, 'УВАЖЕНИЕ МНЕНИЯ ДРУГИХ (учет интересов других людей, избегание конфронтации)', 'Безопасность (нормативный идеал)', 'button', 'single'),
(2991, 21, 'КРЕАТИВНОСТЬ (уникальность, богатое воображение)', 'Самостоятельность (нормативный идеал)', 'button', 'single'),
(3001, 21, 'МИР ВО ВСЕМ МИРЕ (свобода от войны и конфликтов)', 'Универсализм (нормативный идеал)', 'button', 'single'),
(3011, 21, 'УВАЖЕНИЕ ТРАДИЦИЙ (сохранение признанных традиций, обычаев)', 'Традиция (нормативный идеал)', 'button', 'single'),
(3021, 21, 'ЗРЕЛАЯ ЛЮБОВЬ (глубокая эмоциональная и духовная близость)', 'Безопасность (нормативный идеал)', 'button', 'single'),
(3031, 21, 'САМОДИСЦИПЛИНА (самоограничение, устойчивость к соблазнам)', 'Конформность (нормативный идеал)', 'button', 'single'),
(3041, 21, 'ПРАВО НА УЕДИНЕНИЕ (право на личное пространство)', 'Безопасность (нормативный идеал)', 'button', 'single'),
(3051, 21, 'БЕЗОПАСНОСТЬ СЕМЬИ (безопасность для близких)', 'Безопасность (нормативный идеал)', 'button', 'single'),
(3061, 21, 'СОЦИАЛЬНОЕ ПРИЗНАНИЕ (одобрение, уважение других)', 'Безопасность (нормативный идеал)', 'button', 'single'),
(3071, 21, 'ЕДИНСТВО С ПРИРОДОЙ (слияние с природой)', 'Универсализм (нормативный идеал)', 'button', 'single'),
(3081, 21, 'ИЗМЕНЧИВАЯ ЖИЗНЬ (жизнь, наполненная проблемами, новизной и изменениями)', 'Стимуляция (нормативный идеал)', 'button', 'single'),
(3091, 21, 'МУДРОСТЬ (зрелое понимание мира)', 'Универсализм (нормативный идеал)', 'button', 'single'),
(3101, 21, 'АВТОРИТЕТ (право быть лидером или командовать)', 'Власть (нормативный идеал)', 'button', 'single'),
(3111, 21, 'ИСТИННАЯ ДРУЖБА (близкие друзья)', 'Безопасность (нормативный идеал)', 'button', 'single'),
(3121, 21, 'МИР КРАСОТЫ (красота природы и искусства)', 'Универсализм (нормативный идеал)', 'button', 'single'),
(3131, 21, 'СОЦИАЛЬНАЯ СПРАВЕДЛИВОСТЬ (исправление несправедливости, забота о слабых)', 'Универсализм (нормативный идеал)', 'button', 'single'),
(3141, 21, 'САМОСТОЯТЕЛЬНЫЙ (надеющийся на себя, самодостаточный)', 'Самостоятельность (нормативный идеал)', 'button', 'single'),
(3151, 21, 'СДЕРЖАННЫЙ (избегающий крайностей в чувствах и действиях)', 'Традиция (нормативный идеал)', 'button', 'single'),
(3161, 21, 'ВЕРНЫЙ (преданный друзьям, группе)', 'Доброта (нормативный идеал)', 'button', 'single'),
(3171, 21, 'ЦЕЛЕУСТРЕМЛЕННЫЙ (трудолюбивый, вдохновенный)', 'Достижение (нормативный идеал)', 'button', 'single'),
(3181, 21, 'ОТКРЫТЫЙ К ЧУЖИМ МНЕНИЯМ (терпимый к различным идеям и верованиям)', 'Универсализм (нормативный идеал)', 'button', 'single'),
(3191, 21, 'СКРОМНЫЙ (простой, не стремящийся привлечь к себе внимание)', 'Традиция (нормативный идеал)', 'button', 'single'),
(3201, 21, 'СМЕЛЫЙ (ищущий приключений, риск)', 'Стимуляция (нормативный идеал)', 'button', 'single'),
(3211, 21, 'ЗАЩИЩАЮЩИЙ ОКРУЖАЮЩУЮ СРЕДУ (сохраняющий природу)', 'Универсализм (нормативный идеал)', 'button', 'single'),
(3221, 21, 'ВЛИЯТЕЛЬНЫЙ (имеющий влияние на людей и события)', 'Достижение (нормативный идеал)', 'button', 'single'),
(3231, 21, 'УВАЖАЮЩИЙ РОДИТЕЛЕЙ И СТАРШИХ (проявляющий уважение)', 'Конформность (нормативный идеал)', 'button', 'single'),
(3241, 21, 'ВЫБИРАЮЩИЙ СОБСТВЕННЫЕ ЦЕЛИ (отбирающий собственные намерения)', 'Самостоятельность (нормативный идеал)', 'button', 'single'),
(3251, 21, 'ЗДОРОВЫЙ (не больной физически или душевно)', 'Безопасность (нормативный идеал)', 'button', 'single'),
(3261, 21, 'СПОСОБНЫЙ (компетентный, способный эффективно действовать)', 'Достижение (нормативный идеал)', 'button', 'single'),
(3271, 21, 'ПРИНИМАЮЩИЙ ЖИЗНЬ (подчиняющийся жизненным обстоятельствам)', 'Традиция (нормативный идеал)', 'button', 'single'),
(3281, 21, 'ЧЕСТНЫЙ (откровенный, искренний)', 'Доброта (нормативный идеал)', 'button', 'single'),
(3291, 21, 'СОХРАНЯЮЩИЙ СВОЙ ИМИДЖ (защита собственного «лица»)', 'Власть (нормативный идеал)', 'button', 'single'),
(3301, 21, 'ПОСЛУШНЫЙ (исполнительный, подчиняющийся правилам)', 'Конформность (нормативный идеал)', 'button', 'single'),
(3311, 21, 'УМНЫЙ (логичный, мыслящий)', 'Безопасность (нормативный идеал)', 'button', 'single'),
(3321, 21, 'ПОЛЕЗНЫЙ (работающий на благо других)', 'Доброта (нормативный идеал)', 'button', 'single'),
(3331, 21, 'НАСЛАЖДАЮЩИЙСЯ ЖИЗНЬЮ (наслаждение едой, сексом, развлечениями и др.)', 'Гедонизм (нормативный идеал)', 'button', 'single'),
(3341, 21, 'БЛАГОЧЕСТИВЫЙ (придерживающийся религиозной веры и убеждений)', 'Традиция (нормативный идеал)', 'button', 'single'),
(3351, 21, 'ОТВЕТСТВЕННЫЙ (надежный, заслуживающий доверия)', 'Доброта (нормативный идеал)', 'button', 'single'),
(3361, 21, 'ЛЮБОЗНАТЕЛЬНЫЙ (интересующийся всем, пытливый)', 'Самостоятельность (нормативный идеал)', 'button', 'single'),
(3371, 21, 'СКЛОННЫЙ ПРОЩАТЬ (стремящийся прощать другого)', 'Доброта (нормативный идеал)', 'button', 'single'),
(3381, 21, 'УСПЕШНЫЙ (достигающий цели)', 'Достижение (нормативный идеал)', 'button', 'single'),
(3391, 21, 'ЧИСТОПЛОТНЫЙ (опрятный, аккуратный)', 'Безопасность (нормативный идеал)', 'button', 'single'),
(3401, 21, 'ПОТВОРСТВУЮЩИЙ СВОИМ ЖЕЛАНИЯМ (занимающийся тем, что доставляет удовольствие)', 'Гедонизм (нормативный идеал)', 'button', 'single'),
(3411, 21, 'Придумывать что-то новое и быть изобретательным важно для него. Он любит поступать по-своему, на свой лад.', 'Самостоятельность (индивидуальный приоритет)', 'button', 'single'),
(3421, 21, 'Для него важно быть богатым. Он хочет, чтобы у него было много денег и дорогих вещей.', 'Власть (индивидуальный приоритет)', 'button', 'single'),
(3431, 21, 'Он считает, что важно, чтобы с каждым человеком в мире обращались одинаково. Он верит, что у всех должны быть равные возможности в жизни.', 'Универсализм (индивидуальный приоритет)', 'button', 'single'),
(3441, 21, 'Для него очень важно показать свои способности. Он хочет, чтобы люди восхищались тем, что он делает.', 'Достижение (индивидуальный приоритет)', 'button', 'single'),
(3451, 21, 'Для него важно жить в безопасном окружении. Он избегает всего, что может угрожать его безопасности.', 'Безопасность (индивидуальный приоритет)', 'button', 'single'),
(3461, 21, 'Он считает, что важно делать много разных дел в жизни. Он всегда стремится к новизне.', 'Стимуляция (индивидуальный приоритет)', 'button', 'single'),
(3471, 21, 'Он верит, что люди должны делать то, что им говорят. Он считает, что люди должны придерживаться правил всегда, даже когда никто не видит.', 'Конформность (индивидуальный приоритет)', 'button', 'single'),
(3481, 21, 'Для него важно выслушать мнение людей, которые отличаются от него. Даже если он не согласен с ними, он все равно хочет их понять.', 'Универсализм (индивидуальный приоритет)', 'button', 'single'),
(3491, 21, 'Он считает, что важно не просить большего, чем имеешь. Он верит, что люди должны довольствоваться тем, что у них есть.', 'Традиция (индивидуальный приоритет)', 'button', 'single'),
(3501, 21, 'Он всегда ищет повод для развлечения. Для него важно делать то, что доставляет ему удовольствие.', 'Гедонизм (индивидуальный приоритет)', 'button', 'single'),
(3511, 21, 'Для него важно самому решать, что делать. Ему нравится быть свободным в планировании и выборе своей деятельности.', 'Самостоятельность (индивидуальный приоритет)', 'button', 'single'),
(3521, 21, 'Для него очень важно помогать окружающим. Он хочет заботиться об их благополучии.', 'Доброта (индивидуальный приоритет)', 'button', 'single'),
(3531, 21, 'Для него очень важно преуспеть в жизни. Ему нравится производить впечатление на других людей.', 'Достижение (индивидуальный приоритет)', 'button', 'single'),
(3541, 21, 'Для него очень важна безопасность его страны. Он считает, что государство должно быть готово к защите от внешней и внутренней угрозы.', 'Безопасность (индивидуальный приоритет)', 'button', 'single'),
(3551, 21, 'Он любит рисковать. Он всегда ищет приключений.', 'Стимуляция (индивидуальный приоритет)', 'button', 'single'),
(3561, 21, 'Для него важно всегда вести себя должным образом. Он хочет избегать действий, которые люди сочли бы неверными.', 'Конформность (индивидуальный приоритет)', 'button', 'single'),
(3571, 21, 'Для него важно быть главным и указывать другим, что делать. Он хочет, чтобы люди делали то, что он говорит.', 'Власть (индивидуальный приоритет)', 'button', 'single'),
(3581, 21, 'Для него важно быть преданным своим друзьям. Он хочет посвятить себя своим близким.', 'Доброта (индивидуальный приоритет)', 'button', 'single'),
(3591, 21, 'Он искренне верит, что люди должны заботиться о природе. Заботиться об окружающей среде важно для него.', 'Универсализм (индивидуальный приоритет)', 'button', 'single'),
(3601, 21, 'Быть религиозным важно для него. Он очень старается следовать своим религиозным убеждениям.', 'Традиция (индивидуальный приоритет)', 'button', 'single'),
(3611, 21, 'Для него важно, чтобы вещи содержались в порядке и в чистоте. Ему действительно не нравится беспорядок.', 'Безопасность (индивидуальный приоритет)', 'button', 'single'),
(3621, 21, 'Он считает, что важно интересоваться многим. Ему нравится быть любознательным и пытаться понять разные вещи.', 'Самостоятельность (индивидуальный приоритет)', 'button', 'single'),
(3631, 21, 'Он считает, что все народы мира должны жить в гармонии. Содействовать установлению мира между всеми группами людей на земле важно для него.', 'Универсализм (индивидуальный приоритет)', 'button', 'single'),
(3641, 21, 'Он думает, что важно быть честолюбивым. Ему хочется показать насколько он способный.', 'Достижение (индивидуальный приоритет)', 'button', 'single'),
(3651, 21, 'Он думает, что лучше всего поступать в соответствии с установившимися традициями. Для него важно соблюдать обычаи, которые он усвоил.', 'Традиция (индивидуальный приоритет)', 'button', 'single'),
(3661, 21, 'Для него важно получать удовольствие от жизни. Ему нравится «баловать» себя.', 'Гедонизм (индивидуальный приоритет)', 'button', 'single'),
(3671, 21, 'Для него важно быть чутким к нуждам других людей. Он старается поддерживать тех, кого знает.', 'Доброта (индивидуальный приоритет)', 'button', 'single'),
(3681, 21, 'Он полагает, что всегда должен проявлять уважение к своим родителям и людям старшего возраста. Для него важно быть послушным.', 'Конформность (индивидуальный приоритет)', 'button', 'single'),
(3691, 21, 'Он хочет, чтобы со всеми поступали справедливо, даже с людьми, которых он не знает. Для него важно защищать слабых.', 'Универсализм (индивидуальный приоритет)', 'button', 'single'),
(3701, 21, 'Он любит сюрпризы. Для него важно, чтобы его жизнь была полна ярких впечатлений.', 'Стимуляция (индивидуальный приоритет)', 'button', 'single'),
(3711, 21, 'Он очень старается не заболеть. Сохранение здоровья очень важно для него.', 'Безопасность (индивидуальный приоритет)', 'button', 'single'),
(3721, 21, 'Продвижение вперед в жизни важно для него. Он стремиться делать все лучше, чем другие.', 'Достижение (индивидуальный приоритет)', 'button', 'single'),
(3731, 21, 'Для него важно прощать людей, которые обидели его. Он старается видеть хорошее в них и не держать обиду.', 'Доброта (индивидуальный приоритет)', 'button', 'single'),
(3741, 21, 'Для него важно быть независимым. Ему нравится полагаться на себя.', 'Самостоятельность (индивидуальный приоритет)', 'button', 'single'),
(3751, 21, 'Иметь стабильное правительство важно для него. Он беспокоится о сохранении общественного порядка.', 'Безопасность (индивидуальный приоритет)', 'button', 'single'),
(3761, 21, 'Для него очень важно все время быть вежливым с другими людьми. Он старается никогда не раздражать и не беспокоить других.', 'Конформность (индивидуальный приоритет)', 'button', 'single'),
(3771, 21, 'Он по-настоящему хочет наслаждаться жизнью. Хорошо проводить время очень важно для него.', 'Гедонизм (индивидуальный приоритет)', 'button', 'single'),
(3781, 21, 'Для него важно быть скромным. Он старается не привлекать к себе внимание.', 'Традиция (индивидуальный приоритет)', 'button', 'single'),
(3791, 21, 'Он всегда хочет быть тем, кто принимает решения. Ему нравится быть лидером.', 'Власть (индивидуальный приоритет)', 'button', 'single'),
(3801, 21, 'Для него важно приспосабливаться к природе, быть частью ее. Он верит, что люди не должны изменять природу.', 'Универсализм (индивидуальный приоритет)', 'button', 'single');

INSERT INTO Answer (Answer_ID, Question_ID, Description, Value) VALUES
(7551, 2841, 'Высшей значимости (7)', 7),
(7561, 2841, 'Очень важной (6)', 6),
(7571, 2841, 'Важной (5)', 5),
(7581, 2841, 'Важной (4)', 4),
(7591, 2841, 'Важной (3)', 3),
(7601, 2841, 'Важной (2)', 2),
(7611, 2841, 'Важной (1)', 1),
(7621, 2841, 'Не важной (0)', 0),
(7631, 2841, 'Противоположной моим принципам (-1)', -1),
(7641, 2851, 'Высшей значимости (7)', 0),
(7651, 2851, 'Очень важной (6)', 0),
(7661, 2851, 'Важной (5)', 0),
(7671, 2851, 'Важной (4)', 0),
(7681, 2851, 'Важной (3)', 0),
(7691, 2851, 'Важной (2)', 0),
(7701, 2851, 'Важной (1)', 0),
(7711, 2851, 'Не важной (0)', 0),
(7721, 2851, 'Противоположной моим принципам (-1)', 0),
(7731, 2861, 'Высшей значимости (7)', 7),
(7741, 2861, 'Очень важной (6)', 6),
(7751, 2861, 'Важной (5)', 5),
(7761, 2861, 'Важной (4)', 4),
(7771, 2861, 'Важной (3)', 3),
(7781, 2861, 'Важной (2)', 2),
(7791, 2861, 'Важной (1)', 1),
(7801, 2861, 'Не важной (0)', 0),
(7811, 2861, 'Противоположной моим принципам (-1)', -1),
(7821, 2871, 'Высшей значимости (7)', 7),
(7831, 2871, 'Очень важной (6)', 6),
(7841, 2871, 'Важной (5)', 5),
(7851, 2871, 'Важной (4)', 4),
(7861, 2871, 'Важной (3)', 3),
(7871, 2871, 'Важной (2)', 2),
(7881, 2871, 'Важной (1)', 1),
(7891, 2871, 'Не важной (0)', 0),
(7901, 2871, 'Противоположной моим принципам (-1)', -1),
(7911, 2881, 'Высшей значимости (7)', 7),
(7921, 2881, 'Очень важной (6)', 6),
(7931, 2881, 'Важной (5)', 5),
(7941, 2881, 'Важной (4)', 4),
(7951, 2881, 'Важной (3)', 3),
(7961, 2881, 'Важной (2)', 2),
(7971, 2881, 'Важной (1)', 1),
(7981, 2881, 'Не важной (0)', 0),
(7991, 2881, 'Противоположной моим принципам (-1)', -1),
(8001, 2891, 'Высшей значимости (7)', 0),
(8011, 2891, 'Очень важной (6)', 0),
(8021, 2891, 'Важной (5)', 0),
(8031, 2891, 'Важной (4)', 0),
(8041, 2891, 'Важной (3)', 0),
(8051, 2891, 'Важной (2)', 0),
(8061, 2891, 'Важной (1)', 0),
(8071, 2891, 'Не важной (0)', 0),
(8081, 2891, 'Противоположной моим принципам (-1)', 0),
(8091, 2901, 'Высшей значимости (7)', 0),
(8101, 2901, 'Очень важной (6)', 0),
(8111, 2901, 'Важной (5)', 0),
(8121, 2901, 'Важной (4)', 0),
(8131, 2901, 'Важной (3)', 0),
(8141, 2901, 'Важной (2)', 0),
(8151, 2901, 'Важной (1)', 0),
(8161, 2901, 'Не важной (0)', 0),
(8171, 2901, 'Противоположной моим принципам (-1)', 0),
(8181, 2911, 'Высшей значимости (7)', 7),
(8191, 2911, 'Очень важной (6)', 6),
(8201, 2911, 'Важной (5)', 5),
(8211, 2911, 'Важной (4)', 4),
(8221, 2911, 'Важной (3)', 3),
(8231, 2911, 'Важной (2)', 2),
(8241, 2911, 'Важной (1)', 1),
(8251, 2911, 'Не важной (0)', 0),
(8261, 2911, 'Противоположной моим принципам (-1)', -1),
(8271, 2921, 'Высшей значимости (7)', 7),
(8281, 2921, 'Очень важной (6)', 6),
(8291, 2921, 'Важной (5)', 5),
(8301, 2921, 'Важной (4)', 4),
(8311, 2921, 'Важной (3)', 3),
(8321, 2921, 'Важной (2)', 2),
(8331, 2921, 'Важной (1)', 1),
(8341, 2921, 'Не важной (0)', 0),
(8351, 2921, 'Противоположной моим принципам (-1)', -1),
(8361, 2931, 'Высшей значимости (7)', 0),
(8371, 2931, 'Очень важной (6)', 0),
(8381, 2931, 'Важной (5)', 0),
(8391, 2931, 'Важной (4)', 0),
(8401, 2931, 'Важной (3)', 0),
(8411, 2931, 'Важной (2)', 0),
(8421, 2931, 'Важной (1)', 0),
(8431, 2931, 'Не важной (0)', 0),
(8441, 2931, 'Противоположной моим принципам (-1)', 0),
(8451, 2941, 'Высшей значимости (7)', 7),
(8461, 2941, 'Очень важной (6)', 6),
(8471, 2941, 'Важной (5)', 5),
(8481, 2941, 'Важной (4)', 4),
(8491, 2941, 'Важной (3)', 3),
(8501, 2941, 'Важной (2)', 2),
(8511, 2941, 'Важной (1)', 1),
(8521, 2941, 'Не важной (0)', 0),
(8531, 2941, 'Противоположной моим принципам (-1)', -1),
(8541, 2951, 'Высшей значимости (7)', 7),
(8551, 2951, 'Очень важной (6)', 6),
(8561, 2951, 'Важной (5)', 5),
(8571, 2951, 'Важной (4)', 4),
(8581, 2951, 'Важной (3)', 3),
(8591, 2951, 'Важной (2)', 2),
(8601, 2951, 'Важной (1)', 1),
(8611, 2951, 'Не важной (0)', 0),
(8621, 2951, 'Противоположной моим принципам (-1)', -1),
(8631, 2961, 'Высшей значимости (7)', 7),
(8641, 2961, 'Очень важной (6)', 6),
(8651, 2961, 'Важной (5)', 5),
(8661, 2961, 'Важной (4)', 4),
(8671, 2961, 'Важной (3)', 3),
(8681, 2961, 'Важной (2)', 2),
(8691, 2961, 'Важной (1)', 1),
(8701, 2961, 'Не важной (0)', 0),
(8711, 2961, 'Противоположной моим принципам (-1)', -1),
(8721, 2971, 'Высшей значимости (7)', 0),
(8731, 2971, 'Очень важной (6)', 0),
(8741, 2971, 'Важной (5)', 0),
(8751, 2971, 'Важной (4)', 0),
(8761, 2971, 'Важной (3)', 0),
(8771, 2971, 'Важной (2)', 0),
(8781, 2971, 'Важной (1)', 0),
(8791, 2971, 'Не важной (0)', 0),
(8801, 2971, 'Противоположной моим принципам (-1)', 0),
(8811, 2981, 'Высшей значимости (7)', 7),
(8821, 2981, 'Очень важной (6)', 6),
(8831, 2981, 'Важной (5)', 5),
(8841, 2981, 'Важной (4)', 4),
(8851, 2981, 'Важной (3)', 3),
(8861, 2981, 'Важной (2)', 2),
(8871, 2981, 'Важной (1)', 1),
(8881, 2981, 'Не важной (0)', 0),
(8891, 2981, 'Противоположной моим принципам (-1)', -1),
(8901, 2991, 'Высшей значимости (7)', 7),
(8911, 2991, 'Очень важной (6)', 6),
(8921, 2991, 'Важной (5)', 5),
(8931, 2991, 'Важной (4)', 4),
(8941, 2991, 'Важной (3)', 3),
(8951, 2991, 'Важной (2)', 2),
(8961, 2991, 'Важной (1)', 1),
(8971, 2991, 'Не важной (0)', 0),
(8981, 2991, 'Противоположной моим принципам (-1)', -1),
(8991, 3001, 'Высшей значимости (7)', 7),
(9001, 3001, 'Очень важной (6)', 6),
(9011, 3001, 'Важной (5)', 5),
(9021, 3001, 'Важной (4)', 4),
(9031, 3001, 'Важной (3)', 3),
(9041, 3001, 'Важной (2)', 2),
(9051, 3001, 'Важной (1)', 1),
(9061, 3001, 'Не важной (0)', 0),
(9071, 3001, 'Противоположной моим принципам (-1)', -1),
(9081, 3011, 'Высшей значимости (7)', 7),
(9091, 3011, 'Очень важной (6)', 6),
(9101, 3011, 'Важной (5)', 5),
(9111, 3011, 'Важной (4)', 4),
(9121, 3011, 'Важной (3)', 3),
(9131, 3011, 'Важной (2)', 2),
(9141, 3011, 'Важной (1)', 1),
(9151, 3011, 'Не важной (0)', 0),
(9161, 3011, 'Противоположной моим принципам (-1)', -1),
(9171, 3021, 'Высшей значимости (7)', 0),
(9181, 3021, 'Очень важной (6)', 0),
(9191, 3021, 'Важной (5)', 0),
(9201, 3021, 'Важной (4)', 0),
(9211, 3021, 'Важной (3)', 0),
(9221, 3021, 'Важной (2)', 0),
(9231, 3021, 'Важной (1)', 0),
(9241, 3021, 'Не важной (0)', 0),
(9251, 3021, 'Противоположной моим принципам (-1)', 0),
(9261, 3031, 'Высшей значимости (7)', 7),
(9271, 3031, 'Очень важной (6)', 6),
(9281, 3031, 'Важной (5)', 5),
(9291, 3031, 'Важной (4)', 4),
(9301, 3031, 'Важной (3)', 3),
(9311, 3031, 'Важной (2)', 2),
(9321, 3031, 'Важной (1)', 1),
(9331, 3031, 'Не важной (0)', 0),
(9341, 3031, 'Противоположной моим принципам (-1)', -1),
(9351, 3041, 'Высшей значимости (7)', 0),
(9361, 3041, 'Очень важной (6)', 0),
(9371, 3041, 'Важной (5)', 0),
(9381, 3041, 'Важной (4)', 0),
(9391, 3041, 'Важной (3)', 0),
(9401, 3041, 'Важной (2)', 0),
(9411, 3041, 'Важной (1)', 0),
(9421, 3041, 'Не важной (0)', 0),
(9431, 3041, 'Противоположной моим принципам (-1)', 0),
(9441, 3051, 'Высшей значимости (7)', 7),
(9451, 3051, 'Очень важной (6)', 6),
(9461, 3051, 'Важной (5)', 5),
(9471, 3051, 'Важной (4)', 4),
(9481, 3051, 'Важной (3)', 3),
(9491, 3051, 'Важной (2)', 2),
(9501, 3051, 'Важной (1)', 1),
(9511, 3051, 'Не важной (0)', 0),
(9521, 3051, 'Противоположной моим принципам (-1)', -1),
(9531, 3061, 'Высшей значимости (7)', 0),
(9541, 3061, 'Очень важной (6)', 0),
(9551, 3061, 'Важной (5)', 0),
(9561, 3061, 'Важной (4)', 0),
(9571, 3061, 'Важной (3)', 0),
(9581, 3061, 'Важной (2)', 0),
(9591, 3061, 'Важной (1)', 0),
(9601, 3061, 'Не важной (0)', 0),
(9611, 3061, 'Противоположной моим принципам (-1)', 0),
(9621, 3071, 'Высшей значимости (7)', 7),
(9631, 3071, 'Очень важной (6)', 6),
(9641, 3071, 'Важной (5)', 5),
(9651, 3071, 'Важной (4)', 4),
(9661, 3071, 'Важной (3)', 3),
(9671, 3071, 'Важной (2)', 2),
(9681, 3071, 'Важной (1)', 1),
(9691, 3071, 'Не важной (0)', 0),
(9701, 3071, 'Противоположной моим принципам (-1)', -1),
(9711, 3081, 'Высшей значимости (7)', 7),
(9721, 3081, 'Очень важной (6)', 6),
(9731, 3081, 'Важной (5)', 5),
(9741, 3081, 'Важной (4)', 4),
(9751, 3081, 'Важной (3)', 3),
(9761, 3081, 'Важной (2)', 2),
(9771, 3081, 'Важной (1)', 1),
(9781, 3081, 'Не важной (0)', 0),
(9791, 3081, 'Противоположной моим принципам (-1)', -1),
(9801, 3091, 'Высшей значимости (7)', 7),
(9811, 3091, 'Очень важной (6)', 6),
(9821, 3091, 'Важной (5)', 5),
(9831, 3091, 'Важной (4)', 4),
(9841, 3091, 'Важной (3)', 3),
(9851, 3091, 'Важной (2)', 2),
(9861, 3091, 'Важной (1)', 1),
(9871, 3091, 'Не важной (0)', 0),
(9881, 3091, 'Противоположной моим принципам (-1)', -1),
(9891, 3101, 'Высшей значимости (7)', 7),
(9901, 3101, 'Очень важной (6)', 6),
(9911, 3101, 'Важной (5)', 5),
(9921, 3101, 'Важной (4)', 4),
(9931, 3101, 'Важной (3)', 3),
(9941, 3101, 'Важной (2)', 2),
(9951, 3101, 'Важной (1)', 1),
(9961, 3101, 'Не важной (0)', 0),
(9971, 3101, 'Противоположной моим принципам (-1)', -1),
(9981, 3111, 'Высшей значимости (7)', 0),
(9991, 3111, 'Очень важной (6)', 0),
(10001, 3111, 'Важной (5)', 0),
(10011, 3111, 'Важной (4)', 0),
(10021, 3111, 'Важной (3)', 0),
(10031, 3111, 'Важной (2)', 0),
(10041, 3111, 'Важной (1)', 0),
(10051, 3111, 'Не важной (0)', 0),
(10061, 3111, 'Противоположной моим принципам (-1)', 0),
(10071, 3121, 'Высшей значимости (7)', 7),
(10081, 3121, 'Очень важной (6)', 6),
(10091, 3121, 'Важной (5)', 5),
(10101, 3121, 'Важной (4)', 4),
(10111, 3121, 'Важной (3)', 3),
(10121, 3121, 'Важной (2)', 2),
(10131, 3121, 'Важной (1)', 1),
(10141, 3121, 'Не важной (0)', 0),
(10151, 3121, 'Противоположной моим принципам (-1)', -1),
(10161, 3131, 'Высшей значимости (7)', 7),
(10171, 3131, 'Очень важной (6)', 6),
(10181, 3131, 'Важной (5)', 5),
(10191, 3131, 'Важной (4)', 4),
(10201, 3131, 'Важной (3)', 3),
(10211, 3131, 'Важной (2)', 2),
(10221, 3131, 'Важной (1)', 1),
(10231, 3131, 'Не важной (0)', 0),
(10241, 3131, 'Противоположной моим принципам (-1)', -1),
(10251, 3141, 'Высшей значимости (7)', 7),
(10261, 3141, 'Очень важной (6)', 6),
(10271, 3141, 'Важной (5)', 5),
(10281, 3141, 'Важной (4)', 4),
(10291, 3141, 'Важной (3)', 3),
(10301, 3141, 'Важной (2)', 2),
(10311, 3141, 'Важной (1)', 1),
(10321, 3141, 'Не важной (0)', 0),
(10331, 3141, 'Противоположной моим принципам (-1)', -1),
(10341, 3151, 'Высшей значимости (7)', 7),
(10351, 3151, 'Очень важной (6)', 6),
(10361, 3151, 'Важной (5)', 5),
(10371, 3151, 'Важной (4)', 4),
(10381, 3151, 'Важной (3)', 3),
(10391, 3151, 'Важной (2)', 2),
(10401, 3151, 'Важной (1)', 1),
(10411, 3151, 'Не важной (0)', 0),
(10421, 3151, 'Противоположной моим принципам (-1)', -1),
(10431, 3161, 'Высшей значимости (7)', 7),
(10441, 3161, 'Очень важной (6)', 6),
(10451, 3161, 'Важной (5)', 5),
(10461, 3161, 'Важной (4)', 4),
(10471, 3161, 'Важной (3)', 3),
(10481, 3161, 'Важной (2)', 2),
(10491, 3161, 'Важной (1)', 1),
(10501, 3161, 'Не важной (0)', 0),
(10511, 3161, 'Противоположной моим принципам (-1)', -1),
(10521, 3171, 'Высшей значимости (7)', 7),
(10531, 3171, 'Очень важной (6)', 6),
(10541, 3171, 'Важной (5)', 5),
(10551, 3171, 'Важной (4)', 4),
(10561, 3171, 'Важной (3)', 3),
(10571, 3171, 'Важной (2)', 2),
(10581, 3171, 'Важной (1)', 1),
(10591, 3171, 'Не важной (0)', 0),
(10601, 3171, 'Противоположной моим принципам (-1)', -1),
(10611, 3181, 'Высшей значимости (7)', 7),
(10621, 3181, 'Очень важной (6)', 6),
(10631, 3181, 'Важной (5)', 5),
(10641, 3181, 'Важной (4)', 4),
(10651, 3181, 'Важной (3)', 3),
(10661, 3181, 'Важной (2)', 2),
(10671, 3181, 'Важной (1)', 1),
(10681, 3181, 'Не важной (0)', 0),
(10691, 3181, 'Противоположной моим принципам (-1)', -1),
(10701, 3191, 'Высшей значимости (7)', 7),
(10711, 3191, 'Очень важной (6)', 6),
(10721, 3191, 'Важной (5)', 5),
(10731, 3191, 'Важной (4)', 4),
(10741, 3191, 'Важной (3)', 3),
(10751, 3191, 'Важной (2)', 2),
(10761, 3191, 'Важной (1)', 1),
(10771, 3191, 'Не важной (0)', 0),
(10781, 3191, 'Противоположной моим принципам (-1)', -1),
(10791, 3201, 'Высшей значимости (7)', 7),
(10801, 3201, 'Очень важной (6)', 6),
(10811, 3201, 'Важной (5)', 5),
(10821, 3201, 'Важной (4)', 4),
(10831, 3201, 'Важной (3)', 3),
(10841, 3201, 'Важной (2)', 2),
(10851, 3201, 'Важной (1)', 1),
(10861, 3201, 'Не важной (0)', 0),
(10871, 3201, 'Противоположной моим принципам (-1)', -1),
(10881, 3211, 'Высшей значимости (7)', 7),
(10891, 3211, 'Очень важной (6)', 6),
(10901, 3211, 'Важной (5)', 5),
(10911, 3211, 'Важной (4)', 4),
(10921, 3211, 'Важной (3)', 3),
(10931, 3211, 'Важной (2)', 2),
(10941, 3211, 'Важной (1)', 1),
(10951, 3211, 'Не важной (0)', 0),
(10961, 3211, 'Противоположной моим принципам (-1)', -1),
(10971, 3221, 'Высшей значимости (7)', 7),
(10981, 3221, 'Очень важной (6)', 6),
(10991, 3221, 'Важной (5)', 5),
(11001, 3221, 'Важной (4)', 4),
(11011, 3221, 'Важной (3)', 3),
(11021, 3221, 'Важной (2)', 2),
(11031, 3221, 'Важной (1)', 1),
(11041, 3221, 'Не важной (0)', 0),
(11051, 3221, 'Противоположной моим принципам (-1)', -1),
(11061, 3231, 'Высшей значимости (7)', 7),
(11071, 3231, 'Очень важной (6)', 6),
(11081, 3231, 'Важной (5)', 5),
(11091, 3231, 'Важной (4)', 4),
(11101, 3231, 'Важной (3)', 3),
(11111, 3231, 'Важной (2)', 2),
(11121, 3231, 'Важной (1)', 1),
(11131, 3231, 'Не важной (0)', 0),
(11141, 3231, 'Противоположной моим принципам (-1)', -1),
(11151, 3241, 'Высшей значимости (7)', 7),
(11161, 3241, 'Очень важной (6)', 6),
(11171, 3241, 'Важной (5)', 5),
(11181, 3241, 'Важной (4)', 4),
(11191, 3241, 'Важной (3)', 3),
(11201, 3241, 'Важной (2)', 2),
(11211, 3241, 'Важной (1)', 1),
(11221, 3241, 'Не важной (0)', 0),
(11231, 3241, 'Противоположной моим принципам (-1)', -1),
(11241, 3251, 'Высшей значимости (7)', 0),
(11251, 3251, 'Очень важной (6)', 0),
(11261, 3251, 'Важной (5)', 0),
(11271, 3251, 'Важной (4)', 0),
(11281, 3251, 'Важной (3)', 0),
(11291, 3251, 'Важной (2)', 0),
(11301, 3251, 'Важной (1)', 0),
(11311, 3251, 'Не важной (0)', 0),
(11321, 3251, 'Противоположной моим принципам (-1)', 0),
(11331, 3261, 'Высшей значимости (7)', 7),
(11341, 3261, 'Очень важной (6)', 6),
(11351, 3261, 'Важной (5)', 5),
(11361, 3261, 'Важной (4)', 4),
(11371, 3261, 'Важной (3)', 3),
(11381, 3261, 'Важной (2)', 2),
(11391, 3261, 'Важной (1)', 1),
(11401, 3261, 'Не важной (0)', 0),
(11411, 3261, 'Противоположной моим принципам (-1)', -1),
(11421, 3271, 'Высшей значимости (7)', 7),
(11431, 3271, 'Очень важной (6)', 6),
(11441, 3271, 'Важной (5)', 5),
(11451, 3271, 'Важной (4)', 4),
(11461, 3271, 'Важной (3)', 3),
(11471, 3271, 'Важной (2)', 2),
(11481, 3271, 'Важной (1)', 1),
(11491, 3271, 'Не важной (0)', 0),
(11501, 3271, 'Противоположной моим принципам (-1)', -1),
(11511, 3281, 'Высшей значимости (7)', 7),
(11521, 3281, 'Очень важной (6)', 6),
(11531, 3281, 'Важной (5)', 5),
(11541, 3281, 'Важной (4)', 4),
(11551, 3281, 'Важной (3)', 3),
(11561, 3281, 'Важной (2)', 2),
(11571, 3281, 'Важной (1)', 1),
(11581, 3281, 'Не важной (0)', 0),
(11591, 3281, 'Противоположной моим принципам (-1)', -1),
(11601, 3291, 'Высшей значимости (7)', 7),
(11611, 3291, 'Очень важной (6)', 6),
(11621, 3291, 'Важной (5)', 5),
(11631, 3291, 'Важной (4)', 4),
(11641, 3291, 'Важной (3)', 3),
(11651, 3291, 'Важной (2)', 2),
(11661, 3291, 'Важной (1)', 1),
(11671, 3291, 'Не важной (0)', 0),
(11681, 3291, 'Противоположной моим принципам (-1)', -1),
(11691, 3301, 'Высшей значимости (7)', 7),
(11701, 3301, 'Очень важной (6)', 6),
(11711, 3301, 'Важной (5)', 5),
(11721, 3301, 'Важной (4)', 4),
(11731, 3301, 'Важной (3)', 3),
(11741, 3301, 'Важной (2)', 2),
(11751, 3301, 'Важной (1)', 1),
(11761, 3301, 'Не важной (0)', 0),
(11771, 3301, 'Противоположной моим принципам (-1)', -1),
(11781, 3311, 'Высшей значимости (7)', 0),
(11791, 3311, 'Очень важной (6)', 0),
(11801, 3311, 'Важной (5)', 0),
(11811, 3311, 'Важной (4)', 0),
(11821, 3311, 'Важной (3)', 0),
(11831, 3311, 'Важной (2)', 0),
(11841, 3311, 'Важной (1)', 0),
(11851, 3311, 'Не важной (0)', 0),
(11861, 3311, 'Противоположной моим принципам (-1)', 0),
(11871, 3321, 'Высшей значимости (7)', 7),
(11881, 3321, 'Очень важной (6)', 6),
(11891, 3321, 'Важной (5)', 5),
(11901, 3321, 'Важной (4)', 4),
(11911, 3321, 'Важной (3)', 3),
(11921, 3321, 'Важной (2)', 2),
(11931, 3321, 'Важной (1)', 1),
(11941, 3321, 'Не важной (0)', 0),
(11951, 3321, 'Противоположной моим принципам (-1)', -1),
(11961, 3331, 'Высшей значимости (7)', 7),
(11971, 3331, 'Очень важной (6)', 6),
(11981, 3331, 'Важной (5)', 5),
(11991, 3331, 'Важной (4)', 4),
(12001, 3331, 'Важной (3)', 3),
(12011, 3331, 'Важной (2)', 2),
(12021, 3331, 'Важной (1)', 1),
(12031, 3331, 'Не важной (0)', 0),
(12041, 3331, 'Противоположной моим принципам (-1)', -1),
(12051, 3341, 'Высшей значимости (7)', 7),
(12061, 3341, 'Очень важной (6)', 6),
(12071, 3341, 'Важной (5)', 5),
(12081, 3341, 'Важной (4)', 4),
(12091, 3341, 'Важной (3)', 3),
(12101, 3341, 'Важной (2)', 2),
(12111, 3341, 'Важной (1)', 1),
(12121, 3341, 'Не важной (0)', 0),
(12131, 3341, 'Противоположной моим принципам (-1)', -1),
(12141, 3351, 'Высшей значимости (7)', 7),
(12151, 3351, 'Очень важной (6)', 6),
(12161, 3351, 'Важной (5)', 5),
(12171, 3351, 'Важной (4)', 4),
(12181, 3351, 'Важной (3)', 3),
(12191, 3351, 'Важной (2)', 2),
(12201, 3351, 'Важной (1)', 1),
(12211, 3351, 'Не важной (0)', 0),
(12221, 3351, 'Противоположной моим принципам (-1)', -1),
(12231, 3361, 'Высшей значимости (7)', 7),
(12241, 3361, 'Очень важной (6)', 6),
(12251, 3361, 'Важной (5)', 5),
(12261, 3361, 'Важной (4)', 4),
(12271, 3361, 'Важной (3)', 3),
(12281, 3361, 'Важной (2)', 2),
(12291, 3361, 'Важной (1)', 1),
(12301, 3361, 'Не важной (0)', 0),
(12311, 3361, 'Противоположной моим принципам (-1)', -1),
(12321, 3371, 'Высшей значимости (7)', 7),
(12331, 3371, 'Очень важной (6)', 6),
(12341, 3371, 'Важной (5)', 5),
(12351, 3371, 'Важной (4)', 4),
(12361, 3371, 'Важной (3)', 3),
(12371, 3371, 'Важной (2)', 2),
(12381, 3371, 'Важной (1)', 1),
(12391, 3371, 'Не важной (0)', 0),
(12401, 3371, 'Противоположной моим принципам (-1)', -1),
(12411, 3381, 'Высшей значимости (7)', 7),
(12421, 3381, 'Очень важной (6)', 6),
(12431, 3381, 'Важной (5)', 5),
(12441, 3381, 'Важной (4)', 4),
(12451, 3381, 'Важной (3)', 3),
(12461, 3381, 'Важной (2)', 2),
(12471, 3381, 'Важной (1)', 1),
(12481, 3381, 'Не важной (0)', 0),
(12491, 3381, 'Противоположной моим принципам (-1)', -1),
(12501, 3391, 'Высшей значимости (7)', 7),
(12511, 3391, 'Очень важной (6)', 6),
(12521, 3391, 'Важной (5)', 5),
(12531, 3391, 'Важной (4)', 4),
(12541, 3391, 'Важной (3)', 3),
(12551, 3391, 'Важной (2)', 2),
(12561, 3391, 'Важной (1)', 1),
(12571, 3391, 'Не важной (0)', 0),
(12581, 3391, 'Противоположной моим принципам (-1)', -1),
(12591, 3401, 'Высшей значимости (7)', 7),
(12601, 3401, 'Очень важной (6)', 6),
(12611, 3401, 'Важной (5)', 5),
(12621, 3401, 'Важной (4)', 4),
(12631, 3401, 'Важной (3)', 3),
(12641, 3401, 'Важной (2)', 2),
(12651, 3401, 'Важной (1)', 1),
(12661, 3401, 'Не важной (0)', 0),
(12671, 3401, 'Противоположной моим принципам (-1)', -1),
(12681, 3411, 'Очень похож (4)', 4),
(12691, 3411, 'Похож (3)', 3),
(12701, 3411, 'В какой-то мере похож (2)', 2),
(12711, 3411, 'Немного похож (1)', 1),
(12721, 3411, 'Не похож (0)', 0),
(12731, 3411, 'Совсем не похож (-1)', -1),
(12741, 3421, 'Очень похож (4)', 4),
(12751, 3421, 'Похож (3)', 3),
(12761, 3421, 'В какой-то мере похож (2)', 2),
(12771, 3421, 'Немного похож (1)', 1),
(12781, 3421, 'Не похож (0)', 0),
(12791, 3421, 'Совсем не похож (-1)', -1),
(12801, 3431, 'Очень похож (4)', 4),
(12811, 3431, 'Похож (3)', 3),
(12821, 3431, 'В какой-то мере похож (2)', 2),
(12831, 3431, 'Немного похож (1)', 1),
(12841, 3431, 'Не похож (0)', 0),
(12851, 3431, 'Совсем не похож (-1)', -1),
(12861, 3441, 'Очень похож (4)', 4),
(12871, 3441, 'Похож (3)', 3),
(12881, 3441, 'В какой-то мере похож (2)', 2),
(12891, 3441, 'Немного похож (1)', 1),
(12901, 3441, 'Не похож (0)', 0),
(12911, 3441, 'Совсем не похож (-1)', -1),
(12921, 3451, 'Очень похож (4)', 4),
(12931, 3451, 'Похож (3)', 3),
(12941, 3451, 'В какой-то мере похож (2)', 2),
(12951, 3451, 'Немного похож (1)', 1),
(12961, 3451, 'Не похож (0)', 0),
(12971, 3451, 'Совсем не похож (-1)', -1),
(12981, 3461, 'Очень похож (4)', 4),
(12991, 3461, 'Похож (3)', 3),
(13001, 3461, 'В какой-то мере похож (2)', 2),
(13011, 3461, 'Немного похож (1)', 1),
(13021, 3461, 'Не похож (0)', 0),
(13031, 3461, 'Совсем не похож (-1)', -1),
(13041, 3471, 'Очень похож (4)', 4),
(13051, 3471, 'Похож (3)', 3),
(13061, 3471, 'В какой-то мере похож (2)', 2),
(13071, 3471, 'Немного похож (1)', 1),
(13081, 3471, 'Не похож (0)', 0),
(13091, 3471, 'Совсем не похож (-1)', -1),
(13101, 3481, 'Очень похож (4)', 4),
(13111, 3481, 'Похож (3)', 3),
(13121, 3481, 'В какой-то мере похож (2)', 2),
(13131, 3481, 'Немного похож (1)', 1),
(13141, 3481, 'Не похож (0)', 0),
(13151, 3481, 'Совсем не похож (-1)', -1),
(13161, 3491, 'Очень похож (4)', 4),
(13171, 3491, 'Похож (3)', 3),
(13181, 3491, 'В какой-то мере похож (2)', 2),
(13191, 3491, 'Немного похож (1)', 1),
(13201, 3491, 'Не похож (0)', 0),
(13211, 3491, 'Совсем не похож (-1)', -1),
(13221, 3501, 'Очень похож (4)', 4),
(13231, 3501, 'Похож (3)', 3),
(13241, 3501, 'В какой-то мере похож (2)', 2),
(13251, 3501, 'Немного похож (1)', 1),
(13261, 3501, 'Не похож (0)', 0),
(13271, 3501, 'Совсем не похож (-1)', -1),
(13281, 3511, 'Очень похож (4)', 4),
(13291, 3511, 'Похож (3)', 3),
(13301, 3511, 'В какой-то мере похож (2)', 2),
(13311, 3511, 'Немного похож (1)', 1),
(13321, 3511, 'Не похож (0)', 0),
(13331, 3511, 'Совсем не похож (-1)', -1),
(13341, 3521, 'Очень похож (4)', 4),
(13351, 3521, 'Похож (3)', 3),
(13361, 3521, 'В какой-то мере похож (2)', 2),
(13371, 3521, 'Немного похож (1)', 1),
(13381, 3521, 'Не похож (0)', 0),
(13391, 3521, 'Совсем не похож (-1)', -1),
(13401, 3531, 'Очень похож (4)', 4),
(13411, 3531, 'Похож (3)', 3),
(13421, 3531, 'В какой-то мере похож (2)', 2),
(13431, 3531, 'Немного похож (1)', 1),
(13441, 3531, 'Не похож (0)', 0),
(13451, 3531, 'Совсем не похож (-1)', -1),
(13461, 3541, 'Очень похож (4)', 4),
(13471, 3541, 'Похож (3)', 3),
(13481, 3541, 'В какой-то мере похож (2)', 2),
(13491, 3541, 'Немного похож (1)', 1),
(13501, 3541, 'Не похож (0)', 0),
(13511, 3541, 'Совсем не похож (-1)', -1),
(13521, 3551, 'Очень похож (4)', 4),
(13531, 3551, 'Похож (3)', 3),
(13541, 3551, 'В какой-то мере похож (2)', 2),
(13551, 3551, 'Немного похож (1)', 1),
(13561, 3551, 'Не похож (0)', 0),
(13571, 3551, 'Совсем не похож (-1)', -1),
(13581, 3561, 'Очень похож (4)', 4),
(13591, 3561, 'Похож (3)', 3),
(13601, 3561, 'В какой-то мере похож (2)', 2),
(13611, 3561, 'Немного похож (1)', 1),
(13621, 3561, 'Не похож (0)', 0),
(13631, 3561, 'Совсем не похож (-1)', -1),
(13641, 3571, 'Очень похож (4)', 4),
(13651, 3571, 'Похож (3)', 3),
(13661, 3571, 'В какой-то мере похож (2)', 2),
(13671, 3571, 'Немного похож (1)', 1),
(13681, 3571, 'Не похож (0)', 0),
(13691, 3571, 'Совсем не похож (-1)', -1),
(13701, 3581, 'Очень похож (4)', 4),
(13711, 3581, 'Похож (3)', 3),
(13721, 3581, 'В какой-то мере похож (2)', 2),
(13731, 3581, 'Немного похож (1)', 1),
(13741, 3581, 'Не похож (0)', 0),
(13751, 3581, 'Совсем не похож (-1)', -1),
(13761, 3591, 'Очень похож (4)', 4),
(13771, 3591, 'Похож (3)', 3),
(13781, 3591, 'В какой-то мере похож (2)', 2),
(13791, 3591, 'Немного похож (1)', 1),
(13801, 3591, 'Не похож (0)', 0),
(13811, 3591, 'Совсем не похож (-1)', -1),
(13821, 3601, 'Очень похож (4)', 4),
(13831, 3601, 'Похож (3)', 3),
(13841, 3601, 'В какой-то мере похож (2)', 2),
(13851, 3601, 'Немного похож (1)', 1),
(13861, 3601, 'Не похож (0)', 0),
(13871, 3601, 'Совсем не похож (-1)', -1),
(13881, 3611, 'Очень похож (4)', 4),
(13891, 3611, 'Похож (3)', 3),
(13901, 3611, 'В какой-то мере похож (2)', 2),
(13911, 3611, 'Немного похож (1)', 1),
(13921, 3611, 'Не похож (0)', 0),
(13931, 3611, 'Совсем не похож (-1)', -1),
(13941, 3621, 'Очень похож (4)', 4),
(13951, 3621, 'Похож (3)', 3),
(13961, 3621, 'В какой-то мере похож (2)', 2),
(13971, 3621, 'Немного похож (1)', 1),
(13981, 3621, 'Не похож (0)', 0),
(13991, 3621, 'Совсем не похож (-1)', -1),
(14001, 3631, 'Очень похож (4)', 4),
(14011, 3631, 'Похож (3)', 3),
(14021, 3631, 'В какой-то мере похож (2)', 2),
(14031, 3631, 'Немного похож (1)', 1),
(14041, 3631, 'Не похож (0)', 0),
(14051, 3631, 'Совсем не похож (-1)', -1),
(14061, 3641, 'Очень похож (4)', 4),
(14071, 3641, 'Похож (3)', 3),
(14081, 3641, 'В какой-то мере похож (2)', 2),
(14091, 3641, 'Немного похож (1)', 1),
(14101, 3641, 'Не похож (0)', 0),
(14111, 3641, 'Совсем не похож (-1)', -1),
(14121, 3651, 'Очень похож (4)', 4),
(14131, 3651, 'Похож (3)', 3),
(14141, 3651, 'В какой-то мере похож (2)', 2),
(14151, 3651, 'Немного похож (1)', 1),
(14161, 3651, 'Не похож (0)', 0),
(14171, 3651, 'Совсем не похож (-1)', -1),
(14181, 3661, 'Очень похож (4)', 4),
(14191, 3661, 'Похож (3)', 3),
(14201, 3661, 'В какой-то мере похож (2)', 2),
(14211, 3661, 'Немного похож (1)', 1),
(14221, 3661, 'Не похож (0)', 0),
(14231, 3661, 'Совсем не похож (-1)', -1),
(14241, 3671, 'Очень похож (4)', 4),
(14251, 3671, 'Похож (3)', 3),
(14261, 3671, 'В какой-то мере похож (2)', 2),
(14271, 3671, 'Немного похож (1)', 1),
(14281, 3671, 'Не похож (0)', 0),
(14291, 3671, 'Совсем не похож (-1)', -1),
(14301, 3681, 'Очень похож (4)', 4),
(14311, 3681, 'Похож (3)', 3),
(14321, 3681, 'В какой-то мере похож (2)', 2),
(14331, 3681, 'Немного похож (1)', 1),
(14341, 3681, 'Не похож (0)', 0),
(14351, 3681, 'Совсем не похож (-1)', -1),
(14361, 3691, 'Очень похож (4)', 4),
(14371, 3691, 'Похож (3)', 3),
(14381, 3691, 'В какой-то мере похож (2)', 2),
(14391, 3691, 'Немного похож (1)', 1),
(14401, 3691, 'Не похож (0)', 0),
(14411, 3691, 'Совсем не похож (-1)', -1),
(14421, 3701, 'Очень похож (4)', 4),
(14431, 3701, 'Похож (3)', 3),
(14441, 3701, 'В какой-то мере похож (2)', 2),
(14451, 3701, 'Немного похож (1)', 1),
(14461, 3701, 'Не похож (0)', 0),
(14471, 3701, 'Совсем не похож (-1)', -1),
(14481, 3711, 'Очень похож (4)', 4),
(14491, 3711, 'Похож (3)', 3),
(14501, 3711, 'В какой-то мере похож (2)', 2),
(14511, 3711, 'Немного похож (1)', 1),
(14521, 3711, 'Не похож (0)', 0),
(14531, 3711, 'Совсем не похож (-1)', -1),
(14541, 3721, 'Очень похож (4)', 4),
(14551, 3721, 'Похож (3)', 3),
(14561, 3721, 'В какой-то мере похож (2)', 2),
(14571, 3721, 'Немного похож (1)', 1),
(14581, 3721, 'Не похож (0)', 0),
(14591, 3721, 'Совсем не похож (-1)', -1),
(14601, 3731, 'Очень похож (4)', 4),
(14611, 3731, 'Похож (3)', 3),
(14621, 3731, 'В какой-то мере похож (2)', 2),
(14631, 3731, 'Немного похож (1)', 1),
(14641, 3731, 'Не похож (0)', 0),
(14651, 3731, 'Совсем не похож (-1)', -1),
(14661, 3741, 'Очень похож (4)', 4),
(14671, 3741, 'Похож (3)', 3),
(14681, 3741, 'В какой-то мере похож (2)', 2),
(14691, 3741, 'Немного похож (1)', 1),
(14701, 3741, 'Не похож (0)', 0),
(14711, 3741, 'Совсем не похож (-1)', -1),
(14721, 3751, 'Очень похож (4)', 4),
(14731, 3751, 'Похож (3)', 3),
(14741, 3751, 'В какой-то мере похож (2)', 2),
(14751, 3751, 'Немного похож (1)', 1),
(14761, 3751, 'Не похож (0)', 0),
(14771, 3751, 'Совсем не похож (-1)', -1),
(14781, 3761, 'Очень похож (4)', 4),
(14791, 3761, 'Похож (3)', 3),
(14801, 3761, 'В какой-то мере похож (2)', 2),
(14811, 3761, 'Немного похож (1)', 1),
(14821, 3761, 'Не похож (0)', 0),
(14831, 3761, 'Совсем не похож (-1)', -1),
(14841, 3771, 'Очень похож (4)', 4),
(14851, 3771, 'Похож (3)', 3),
(14861, 3771, 'В какой-то мере похож (2)', 2),
(14871, 3771, 'Немного похож (1)', 1),
(14881, 3771, 'Не похож (0)', 0),
(14891, 3771, 'Совсем не похож (-1)', -1),
(14901, 3781, 'Очень похож (4)', 4),
(14911, 3781, 'Похож (3)', 3),
(14921, 3781, 'В какой-то мере похож (2)', 2),
(14931, 3781, 'Немного похож (1)', 1),
(14941, 3781, 'Не похож (0)', 0),
(14951, 3781, 'Совсем не похож (-1)', -1),
(14961, 3791, 'Очень похож (4)', 4),
(14971, 3791, 'Похож (3)', 3),
(14981, 3791, 'В какой-то мере похож (2)', 2),
(14991, 3791, 'Немного похож (1)', 1),
(15001, 3791, 'Не похож (0)', 0),
(15011, 3791, 'Совсем не похож (-1)', -1),
(15021, 3801, 'Очень похож (4)', 4),
(15031, 3801, 'Похож (3)', 3),
(15041, 3801, 'В какой-то мере похож (2)', 2),
(15051, 3801, 'Немного похож (1)', 1),
(15061, 3801, 'Не похож (0)', 0),
(15071, 3801, 'Совсем не похож (-1)', -1);

-- "Большая пятёрка"
INSERT INTO Test (Test_ID, Name, Instruction, CanRedo) VALUES (31, 'Большая пятёрка', 'Вам нужно будет прочесть парные высказывания и определить, какое из двух альтернативных высказываний вам больше всего подходит.\n\n*Пример: Мне нравится заниматься физкультурой (-2). Я не люблю физические нагрузки (2).*\n\nЕсли подходит верхнее высказывание, то используйте для оценки этого высказывания кнопку с надписью «-2» или «-1». Если вам подходит нижнее высказывание, то оно оценивается кнопкой «2» или «1». Значения «-2» или «2» выбираются в том случае, если оцениваемое высказывание выражено сильно. Если это высказывание выражено слабо (слабее), то выбирается значение «-1» или «1». В случае, когда ни одна из альтернатив вам не подходит, а подходит нечто среднее между ними, можно нажать на кнопку «0».\n\n**Вы можете вернуться к инструкции, нажав на надпись «Вопрос №...» наверху**.', 0);

INSERT INTO Question (Question_ID, Test_ID, Description, Category, Type, A_Mode) VALUES
(3811, 31, 'Мне нравится заниматься физкультурой (-2). Я не люблю физические нагрузки (+2).', 'Экстраверсия–интроверсия', 'button', 'single'),
(3821, 31, 'Люди считают меня отзывчивым и доброжелательным человеком (-2). Некоторые люди считают меня холодным и черствым (+2).', 'Привязанность–обособленность', 'button', 'single'),
(3831, 31, 'Я во всем ценю чистоту и порядок (-2). Иногда я позволяю себе быть неряшливым (+2).', 'Самоконтроль–импульсивность', 'button', 'single'),
(3841, 31, 'Меня часто беспокоит мысль, что что-нибудь может случиться (-2). «Мелочи жизни» меня не тревожат (+2).', 'Эмоциональная_устойчивость–эмоциональная_неустойчивость', 'button', 'single'),
(3851, 31, 'Все новое вызывает у меня интерес (-2). Часто новое вызывает у меня раздражение (+2).', 'Экспрессивность–практичность', 'button', 'single'),
(3861, 31, 'Если я ничем не занят, то это меня беспокоит (-2). Я человек спокойный и не люблю суетиться (+2).', 'Экстраверсия–интроверсия', 'button', 'single'),
(3871, 31, 'Я стараюсь проявлять дружелюбие ко всем людям (-2). Я не всегда и не со всеми дружелюбный человек (+2).', 'Привязанность–обособленность', 'button', 'single'),
(3881, 31, 'Моя комната всегда аккуратно прибрана (-2). Я не очень стараюсь следить за чистотой и порядком (+2).', 'Самоконтроль–импульсивность', 'button', 'single'),
(3891, 31, 'Иногда я расстраиваюсь из-за пустяков (-2). Я не обращаю внимания на мелкие проблемы (+2).', 'Эмоциональная_устойчивость–эмоциональная_неустойчивость', 'button', 'single'),
(3901, 31, 'Мне нравятся неожиданности (-2). Я люблю предсказуемость событий (+2).', 'Экспрессивность–практичность', 'button', 'single'),
(3911, 31, 'Я не могу долго оставаться в неподвижности (-2). Мне не нравится быстрый стиль жизни (+2).', 'Экстраверсия–интроверсия', 'button', 'single'),
(3921, 31, 'Я тактичен по отношения к другим людям (-2). Иногда в шутку я задеваю самолюбие других (+2).', 'Привязанность–обособленность', 'button', 'single'),
(3931, 31, 'Я методичен и пунктуален во всем (-2). Я не очень обязательный человек (+2).', 'Самоконтроль–импульсивность', 'button', 'single'),
(3941, 31, 'Мои чувства легко уязвимы и ранимы (-2). Я редко тревожусь и редко чего-либо боюсь (+2).', 'Эмоциональная_устойчивость–эмоциональная_неустойчивость', 'button', 'single'),
(3951, 31, 'Мне не интересно, когда ответ ясен заранее (-2). Я не интересуюсь вещами, которые мне непонятны (+2).', 'Экспрессивность–практичность', 'button', 'single'),
(3961, 31, 'Я люблю, чтобы другие быстро выполняли мои распоряжения (-2). Я не спеша выполняю чужие распоряжения (+2).', 'Экстраверсия–интроверсия', 'button', 'single'),
(3971, 31, 'Я уступчивый и склонный к компромиссам человек (-2). Я люблю поспорить с окружающими (+2).', 'Привязанность–обособленность', 'button', 'single'),
(3981, 31, 'Я проявляю настойчивость, решая трудную задачу (-2). Я не очень настойчивый человек (+2).', 'Самоконтроль–импульсивность', 'button', 'single'),
(3991, 31, 'В трудных ситуациях я весь сжимаюсь от напряжения (-2). Я могу расслабиться в любой ситуации (+2).', 'Эмоциональная_устойчивость–эмоциональная_неустойчивость', 'button', 'single'),
(4001, 31, 'У меня очень живое воображение (-2). Я всегда предпочитаю реально смотреть на мир (+2).', 'Экспрессивность–практичность', 'button', 'single'),
(4011, 31, 'Мне часто приходится быть лидером, проявлять инициативу (-2). Я скорее подчиненный, чем лидер (+2).', 'Экстраверсия–интроверсия', 'button', 'single'),
(4021, 31, 'Я всегда готов оказать помощь и разделить чужие трудности (-2). Каждый должен уметь позаботиться о себе (+2).', 'Привязанность–обособленность', 'button', 'single'),
(4031, 31, 'Я очень старательный во всех делах человек (-2). Я не очень усердствую на работе (+2).', 'Самоконтроль–импульсивность', 'button', 'single'),
(4041, 31, 'У меня часто выступает холодный пот и дрожат руки (-2). Я редко испытывал напряжение, сопровождаемое дрожью в теле (+2).', 'Эмоциональная_устойчивость–эмоциональная_неустойчивость', 'button', 'single'),
(4051, 31, 'Мне нравится мечтать (-2). Я редко увлекаюсь фантазиями (+2).', 'Экспрессивность–практичность', 'button', 'single'),
(4061, 31, 'Часто случается, что я руковожу, отдаю распоряжения другим людям (-2). Я предпочитаю, чтобы кто-то другой брал в свои руки руководство (+2).', 'Экстраверсия–интроверсия', 'button', 'single'),
(4071, 31, 'Я предпочитаю сотрудничать с другими, чем соперничать (-2). Без соперничества общество не могло бы развиваться (+2).', 'Привязанность–обособленность', 'button', 'single'),
(4081, 31, 'Я серьезно и прилежно отношусь к работе (-2). Я стараюсь не брать дополнительные обязанности на работе (+2).', 'Самоконтроль–импульсивность', 'button', 'single'),
(4091, 31, 'В необычной обстановке я часто нервничаю (-2). Я легко привыкаю к новой обстановке (+2).', 'Эмоциональная_устойчивость–эмоциональная_неустойчивость', 'button', 'single'),
(4101, 31, 'Иногда я погружаюсь в глубокие размышления (-2). Я не люблю тратить свое время на размышления (+2).', 'Экспрессивность–практичность', 'button', 'single'),
(4111, 31, 'Мне нравится общаться с незнакомыми людьми (-2). Я не очень общительный человек (+2).', 'Экстраверсия–интроверсия', 'button', 'single'),
(4121, 31, 'Большинство людей добры от природы (-2). Я думаю, что жизнь делает некоторых людей злыми (+2).', 'Привязанность–обособленность', 'button', 'single'),
(4131, 31, 'Люди часто доверяют мне ответственные дела (-2). Некоторые считают меня безответственным (+2).', 'Самоконтроль–импульсивность', 'button', 'single'),
(4141, 31, 'Иногда я чувствую себя одиноко, тоскливо и все валится из рук (-2). Часто, что-либо делая, я так увлекаюсь, что забываю обо всем (+2).', 'Эмоциональная_устойчивость–эмоциональная_неустойчивость', 'button', 'single'),
(4151, 31, 'Я хорошо знаю, что такое красота и элегантность (-2). Мое представление о красоте такое же, как и у других (+2).', 'Экспрессивность–практичность', 'button', 'single'),
(4161, 31, 'Мне нравится приобретать новых друзей и знакомых (-2). Я предпочитаю иметь только несколько надежных друзей (+2).', 'Экстраверсия–интроверсия', 'button', 'single'),
(4171, 31, 'Люди, с которыми я общаюсь, обычно мне нравятся (-2). Есть такие люди, которых я не люблю (+2).', 'Привязанность–обособленность', 'button', 'single'),
(4181, 31, 'Я требователен и строг в работе (-2). Иногда я пренебрегаю своими обязанностями (+2).', 'Самоконтроль–импульсивность', 'button', 'single'),
(4191, 31, 'Когда я сильно расстроен, у меня тяжело на душе (-2). У меня очень редко бывает мрачное настроение (+2).', 'Эмоциональная_устойчивость–эмоциональная_неустойчивость', 'button', 'single'),
(4201, 31, 'Музыка способна так захватить меня, что я теряю чувство времени (-2). Драматическое искусство и балет кажутся мне скучными (+2).', 'Экспрессивность–практичность', 'button', 'single'),
(4211, 31, 'Я люблю находиться в больших и веселых компаниях (-2). Я предпочитаю уединение (+2).', 'Экстраверсия–интроверсия', 'button', 'single'),
(4221, 31, 'Большинство людей честные, и им можно доверять (-2). Иногда я отношусь подозрительно к другим людям (+2).', 'Привязанность–обособленность', 'button', 'single'),
(4231, 31, 'Я обычно работаю добросовестно (-2). Люди часто находят в моей работе ошибки (+2).', 'Самоконтроль–импульсивность', 'button', 'single'),
(4241, 31, 'Я легко впадаю в депрессию (-2). Мне невозможно испортить настроение (+2).', 'Эмоциональная_устойчивость–эмоциональная_неустойчивость', 'button', 'single'),
(4251, 31, 'Настоящее произведение искусства вызывает у меня восхищение (-2). Я редко восхищаюсь совершенством настоящего произведения искусства (+2).', 'Экспрессивность–практичность', 'button', 'single'),
(4261, 31, '«Болея» на спортивных соревнованиях, я забываю обо всем (-2). Я не понимаю, почему люди занимаются опасными видами спорта (+2).', 'Экстраверсия–интроверсия', 'button', 'single'),
(4271, 31, 'Я стараюсь проявлять чуткость, когда имею дело с людьми (-2). Иногда мне нет дела до интересов других людей (+2).', 'Привязанность–обособленность', 'button', 'single'),
(4281, 31, 'Я редко делаю необдуманно то, что хочу сделать (-2). Я предпочитаю принимать решения быстро (+2).', 'Самоконтроль–импульсивность', 'button', 'single'),
(4291, 31, 'У меня много слабостей и недостатков (-2). У меня высокая самооценка (+2).', 'Эмоциональная_устойчивость–эмоциональная_неустойчивость', 'button', 'single'),
(4301, 31, 'Я хорошо понимаю свое душевное состояние (-2). Мне кажется, что другие люди менее чувствительны, чем я (+2).', 'Экспрессивность–практичность', 'button', 'single'),
(4311, 31, 'Я часто игнорирую сигналы  предупреждающие об опасности (-2). Я предпочитаю избегать опасных ситуаций (+2).', 'Экстраверсия–интроверсия', 'button', 'single'),
(4321, 31, 'Радость других я разделяю как собственную (-2). Я не всегда разделяю чувства других людей (+2).', 'Привязанность–обособленность', 'button', 'single'),
(4331, 31, 'Я обычно контролирую свои чувства и желания (-2). Мне трудно сдерживать свои желания (+2).', 'Самоконтроль–импульсивность', 'button', 'single'),
(4341, 31, 'Если я терплю неудачу, то обычно обвиняю себя (-2). Мне часто «везет», и обстоятельства редко бывают против меня (+2).', 'Эмоциональная_устойчивость–эмоциональная_неустойчивость', 'button', 'single'),
(4351, 31, 'Я верю, что чувства делают мою жизнь содержательнее (-2). Я редко обращаю внимание на чужие переживания (+2).', 'Экспрессивность–практичность', 'button', 'single'),
(4361, 31, 'Мне нравятся карнавальные шествия и демонстрации (-2). Мне не нравится находиться в многолюдных местах (+2).', 'Экстраверсия–интроверсия', 'button', 'single'),
(4371, 31, 'Я стараюсь поставить себя на место другого человека, чтобы его понять (-2). Я не стремлюсь понять все нюансы переживаний других людей (+2).', 'Привязанность–обособленность', 'button', 'single'),
(4381, 31, 'В магазине я обычно долго выбираю то, что надумал купить (-2). Иногда я покупаю вещи импульсивно (+2).', 'Самоконтроль–импульсивность', 'button', 'single'),
(4391, 31, 'Иногда я чувствую себя жалким человеком (-2). Обычно я чувствую себя нужным человеком (+2).', 'Эмоциональная_устойчивость–эмоциональная_неустойчивость', 'button', 'single'),
(4401, 31, 'Я легко «вживаюсь» в переживания вымышленного героя (-2). Приключения киногероя не могут изменить мое душевное состояние (+2).', 'Экспрессивность–практичность', 'button', 'single'),
(4411, 31, 'Я чувствую себя счастливым, когда на меня обращают внимание (-2). Я скромный человек и стараюсь не выделяться среди людей (+2).', 'Экстраверсия–интроверсия', 'button', 'single'),
(4421, 31, 'В каждом человеке есть нечто, за что его можно уважать (-2). Я еще не встречал человека, которого можно было бы уважать (+2).', 'Привязанность–обособленность', 'button', 'single'),
(4431, 31, 'Обычно я хорошо думаю, прежде чем действую (-2). Я не люблю продумывать заранее результаты своих поступков (+2).', 'Самоконтроль–импульсивность', 'button', 'single'),
(4441, 31, 'Часто у меня бывают взлеты и падения настроения (-2). Обычно у меня ровное настроение (+2).', 'Эмоциональная_устойчивость–эмоциональная_неустойчивость', 'button', 'single'),
(4451, 31, 'Иногда я чувствую себя фокусником, подшучивающим над людьми (-2). Люди часто называют меня  скучным, но надежным человеком (+2).', 'Экспрессивность–практичность', 'button', 'single'),
(4461, 31, 'Я привлекателен для лиц противоположного пола (-2). Некоторые считают меня обычным и неинтересным человеком (+2).', 'Экстраверсия–интроверсия', 'button', 'single'),
(4471, 31, 'Я всегда стараюсь быть добрым и внимательным с каждым человеком (-2). Некоторые люди думают, что я самонадеянный и эгоистичный (+2).', 'Привязанность–обособленность', 'button', 'single'),
(4481, 31, 'Перед путешествием я намечаю точный план (-2). Я не могу понять, зачем люди строят такие детальные планы (+2).', 'Самоконтроль–импульсивность', 'button', 'single'),
(4491, 31, 'Мое настроение легко меняется на противоположное (-2). Я всегда спокоен и уравновешен (+2).', 'Эмоциональная_устойчивость–эмоциональная_неустойчивость', 'button', 'single'),
(4501, 31, 'Я думаю, что жизнь – это азартная игра (-2). Жизнь – это опыт, передаваемый последующим поколениям (+2).', 'Экспрессивность–практичность', 'button', 'single'),
(4511, 31, 'Мне нравится выглядеть вызывающе (-2). В обществе я обычно не выделяюсь поведением и модной одеждой (+2).', 'Экстраверсия–интроверсия', 'button', 'single'),
(4521, 31, 'Некоторые говорят, что я снисходителен к окружающим (-2). Говорят, что я часто хвастаюсь своими успехами (+2).', 'Привязанность–обособленность', 'button', 'single'),
(4531, 31, 'Я точно и методично выполняю свою работу (-2). Я предпочитаю «плыть по  течению», доверяя своей интуиции (+2).', 'Самоконтроль–импульсивность', 'button', 'single'),
(4541, 31, 'Иногда я бываю настолько взволнован, что даже плачу (-2). Меня трудно вывести из себя (+2).', 'Эмоциональная_устойчивость–эмоциональная_неустойчивость', 'button', 'single'),
(4551, 31, 'Иногда я чувствую, что могу открыть в себе нечто новое (-2). Я не хотел бы ничего в себе менять (+2).', 'Экспрессивность–практичность', 'button', 'single');

INSERT INTO Answer (Answer_ID, Question_ID, Description, Value) VALUES
(15081, 3811, '-2', 5), (15091, 3811, '-1', 4), (15101, 3811, '0', 3), (15111, 3811, '1', 2), (15121, 3811, '2', 1), 
(15131, 3821, '-2', 5), (15141, 3821, '-1', 4), (15151, 3821, '0', 3), (15161, 3821, '1', 2), (15171, 3821, '2', 1), 
(15181, 3831, '-2', 5), (15191, 3831, '-1', 4), (15201, 3831, '0', 3), (15211, 3831, '1', 2), (15221, 3831, '2', 1), 
(15231, 3841, '-2', 5), (15241, 3841, '-1', 4), (15251, 3841, '0', 3), (15261, 3841, '1', 2), (15271, 3841, '2', 1), 
(15281, 3851, '-2', 5), (15291, 3851, '-1', 4), (15301, 3851, '0', 3), (15311, 3851, '1', 2), (15321, 3851, '2', 1), 
(15331, 3861, '-2', 5), (15341, 3861, '-1', 4), (15351, 3861, '0', 3), (15361, 3861, '1', 2), (15371, 3861, '2', 1), 
(15381, 3871, '-2', 5), (15391, 3871, '-1', 4), (15401, 3871, '0', 3), (15411, 3871, '1', 2), (15421, 3871, '2', 1), 
(15431, 3881, '-2', 5), (15441, 3881, '-1', 4), (15451, 3881, '0', 3), (15461, 3881, '1', 2), (15471, 3881, '2', 1), 
(15481, 3891, '-2', 5), (15491, 3891, '-1', 4), (15501, 3891, '0', 3), (15511, 3891, '1', 2), (15521, 3891, '2', 1), 
(15531, 3901, '-2', 5), (15541, 3901, '-1', 4), (15551, 3901, '0', 3), (15561, 3901, '1', 2), (15571, 3901, '2', 1), 
(15581, 3911, '-2', 5), (15591, 3911, '-1', 4), (15601, 3911, '0', 3), (15611, 3911, '1', 2), (15621, 3911, '2', 1), 
(15631, 3921, '-2', 5), (15641, 3921, '-1', 4), (15651, 3921, '0', 3), (15661, 3921, '1', 2), (15671, 3921, '2', 1), 
(15681, 3931, '-2', 5), (15691, 3931, '-1', 4), (15701, 3931, '0', 3), (15711, 3931, '1', 2), (15721, 3931, '2', 1), 
(15731, 3941, '-2', 5), (15741, 3941, '-1', 4), (15751, 3941, '0', 3), (15761, 3941, '1', 2), (15771, 3941, '2', 1), 
(15781, 3951, '-2', 5), (15791, 3951, '-1', 4), (15801, 3951, '0', 3), (15811, 3951, '1', 2), (15821, 3951, '2', 1), 
(15831, 3961, '-2', 5), (15841, 3961, '-1', 4), (15851, 3961, '0', 3), (15861, 3961, '1', 2), (15871, 3961, '2', 1), 
(15881, 3971, '-2', 5), (15891, 3971, '-1', 4), (15901, 3971, '0', 3), (15911, 3971, '1', 2), (15921, 3971, '2', 1), 
(15931, 3981, '-2', 5), (15941, 3981, '-1', 4), (15951, 3981, '0', 3), (15961, 3981, '1', 2), (15971, 3981, '2', 1), 
(15981, 3991, '-2', 5), (15991, 3991, '-1', 4), (16001, 3991, '0', 3), (16011, 3991, '1', 2), (16021, 3991, '2', 1), 
(16031, 4001, '-2', 5), (16041, 4001, '-1', 4), (16051, 4001, '0', 3), (16061, 4001, '1', 2), (16071, 4001, '2', 1), 
(16081, 4011, '-2', 5), (16091, 4011, '-1', 4), (16101, 4011, '0', 3), (16111, 4011, '1', 2), (16121, 4011, '2', 1), 
(16131, 4021, '-2', 5), (16141, 4021, '-1', 4), (16151, 4021, '0', 3), (16161, 4021, '1', 2), (16171, 4021, '2', 1), 
(16181, 4031, '-2', 5), (16191, 4031, '-1', 4), (16201, 4031, '0', 3), (16211, 4031, '1', 2), (16221, 4031, '2', 1), 
(16231, 4041, '-2', 5), (16241, 4041, '-1', 4), (16251, 4041, '0', 3), (16261, 4041, '1', 2), (16271, 4041, '2', 1), 
(16281, 4051, '-2', 5), (16291, 4051, '-1', 4), (16301, 4051, '0', 3), (16311, 4051, '1', 2), (16321, 4051, '2', 1), 
(16331, 4061, '-2', 5), (16341, 4061, '-1', 4), (16351, 4061, '0', 3), (16361, 4061, '1', 2), (16371, 4061, '2', 1), 
(16381, 4071, '-2', 5), (16391, 4071, '-1', 4), (16401, 4071, '0', 3), (16411, 4071, '1', 2), (16421, 4071, '2', 1), 
(16431, 4081, '-2', 5), (16441, 4081, '-1', 4), (16451, 4081, '0', 3), (16461, 4081, '1', 2), (16471, 4081, '2', 1), 
(16481, 4091, '-2', 5), (16491, 4091, '-1', 4), (16501, 4091, '0', 3), (16511, 4091, '1', 2), (16521, 4091, '2', 1), 
(16531, 4101, '-2', 5), (16541, 4101, '-1', 4), (16551, 4101, '0', 3), (16561, 4101, '1', 2), (16571, 4101, '2', 1), 
(16581, 4111, '-2', 5), (16591, 4111, '-1', 4), (16601, 4111, '0', 3), (16611, 4111, '1', 2), (16621, 4111, '2', 1), 
(16631, 4121, '-2', 5), (16641, 4121, '-1', 4), (16651, 4121, '0', 3), (16661, 4121, '1', 2), (16671, 4121, '2', 1), 
(16681, 4131, '-2', 5), (16691, 4131, '-1', 4), (16701, 4131, '0', 3), (16711, 4131, '1', 2), (16721, 4131, '2', 1), 
(16731, 4141, '-2', 5), (16741, 4141, '-1', 4), (16751, 4141, '0', 3), (16761, 4141, '1', 2), (16771, 4141, '2', 1), 
(16781, 4151, '-2', 5), (16791, 4151, '-1', 4), (16801, 4151, '0', 3), (16811, 4151, '1', 2), (16821, 4151, '2', 1), 
(16831, 4161, '-2', 5), (16841, 4161, '-1', 4), (16851, 4161, '0', 3), (16861, 4161, '1', 2), (16871, 4161, '2', 1), 
(16881, 4171, '-2', 5), (16891, 4171, '-1', 4), (16901, 4171, '0', 3), (16911, 4171, '1', 2), (16921, 4171, '2', 1), 
(16931, 4181, '-2', 5), (16941, 4181, '-1', 4), (16951, 4181, '0', 3), (16961, 4181, '1', 2), (16971, 4181, '2', 1), 
(16981, 4191, '-2', 5), (16991, 4191, '-1', 4), (17001, 4191, '0', 3), (17011, 4191, '1', 2), (17021, 4191, '2', 1), 
(17031, 4201, '-2', 5), (17041, 4201, '-1', 4), (17051, 4201, '0', 3), (17061, 4201, '1', 2), (17071, 4201, '2', 1), 
(17081, 4211, '-2', 5), (17091, 4211, '-1', 4), (17101, 4211, '0', 3), (17111, 4211, '1', 2), (17121, 4211, '2', 1), 
(17131, 4221, '-2', 5), (17141, 4221, '-1', 4), (17151, 4221, '0', 3), (17161, 4221, '1', 2), (17171, 4221, '2', 1), 
(17181, 4231, '-2', 5), (17191, 4231, '-1', 4), (17201, 4231, '0', 3), (17211, 4231, '1', 2), (17221, 4231, '2', 1), 
(17231, 4241, '-2', 5), (17241, 4241, '-1', 4), (17251, 4241, '0', 3), (17261, 4241, '1', 2), (17271, 4241, '2', 1), 
(17281, 4251, '-2', 5), (17291, 4251, '-1', 4), (17301, 4251, '0', 3), (17311, 4251, '1', 2), (17321, 4251, '2', 1), 
(17331, 4261, '-2', 5), (17341, 4261, '-1', 4), (17351, 4261, '0', 3), (17361, 4261, '1', 2), (17371, 4261, '2', 1), 
(17381, 4271, '-2', 5), (17391, 4271, '-1', 4), (17401, 4271, '0', 3), (17411, 4271, '1', 2), (17421, 4271, '2', 1), 
(17431, 4281, '-2', 5), (17441, 4281, '-1', 4), (17451, 4281, '0', 3), (17461, 4281, '1', 2), (17471, 4281, '2', 1), 
(17481, 4291, '-2', 5), (17491, 4291, '-1', 4), (17501, 4291, '0', 3), (17511, 4291, '1', 2), (17521, 4291, '2', 1), 
(17531, 4301, '-2', 5), (17541, 4301, '-1', 4), (17551, 4301, '0', 3), (17561, 4301, '1', 2), (17571, 4301, '2', 1), 
(17581, 4311, '-2', 5), (17591, 4311, '-1', 4), (17601, 4311, '0', 3), (17611, 4311, '1', 2), (17621, 4311, '2', 1), 
(17631, 4321, '-2', 5), (17641, 4321, '-1', 4), (17651, 4321, '0', 3), (17661, 4321, '1', 2), (17671, 4321, '2', 1), 
(17681, 4331, '-2', 5), (17691, 4331, '-1', 4), (17701, 4331, '0', 3), (17711, 4331, '1', 2), (17721, 4331, '2', 1), 
(17731, 4341, '-2', 5), (17741, 4341, '-1', 4), (17751, 4341, '0', 3), (17761, 4341, '1', 2), (17771, 4341, '2', 1), 
(17781, 4351, '-2', 5), (17791, 4351, '-1', 4), (17801, 4351, '0', 3), (17811, 4351, '1', 2), (17821, 4351, '2', 1), 
(17831, 4361, '-2', 5), (17841, 4361, '-1', 4), (17851, 4361, '0', 3), (17861, 4361, '1', 2), (17871, 4361, '2', 1), 
(17881, 4371, '-2', 5), (17891, 4371, '-1', 4), (17901, 4371, '0', 3), (17911, 4371, '1', 2), (17921, 4371, '2', 1), 
(17931, 4381, '-2', 5), (17941, 4381, '-1', 4), (17951, 4381, '0', 3), (17961, 4381, '1', 2), (17971, 4381, '2', 1), 
(17981, 4391, '-2', 5), (17991, 4391, '-1', 4), (18001, 4391, '0', 3), (18011, 4391, '1', 2), (18021, 4391, '2', 1), 
(18031, 4401, '-2', 5), (18041, 4401, '-1', 4), (18051, 4401, '0', 3), (18061, 4401, '1', 2), (18071, 4401, '2', 1), 
(18081, 4411, '-2', 5), (18091, 4411, '-1', 4), (18101, 4411, '0', 3), (18111, 4411, '1', 2), (18121, 4411, '2', 1), 
(18131, 4421, '-2', 5), (18141, 4421, '-1', 4), (18151, 4421, '0', 3), (18161, 4421, '1', 2), (18171, 4421, '2', 1), 
(18181, 4431, '-2', 5), (18191, 4431, '-1', 4), (18201, 4431, '0', 3), (18211, 4431, '1', 2), (18221, 4431, '2', 1), 
(18231, 4441, '-2', 5), (18241, 4441, '-1', 4), (18251, 4441, '0', 3), (18261, 4441, '1', 2), (18271, 4441, '2', 1), 
(18281, 4451, '-2', 5), (18291, 4451, '-1', 4), (18301, 4451, '0', 3), (18311, 4451, '1', 2), (18321, 4451, '2', 1), 
(18331, 4461, '-2', 5), (18341, 4461, '-1', 4), (18351, 4461, '0', 3), (18361, 4461, '1', 2), (18371, 4461, '2', 1), 
(18381, 4471, '-2', 5), (18391, 4471, '-1', 4), (18401, 4471, '0', 3), (18411, 4471, '1', 2), (18421, 4471, '2', 1), 
(18431, 4481, '-2', 5), (18441, 4481, '-1', 4), (18451, 4481, '0', 3), (18461, 4481, '1', 2), (18471, 4481, '2', 1), 
(18481, 4491, '-2', 5), (18491, 4491, '-1', 4), (18501, 4491, '0', 3), (18511, 4491, '1', 2), (18521, 4491, '2', 1), 
(18531, 4501, '-2', 5), (18541, 4501, '-1', 4), (18551, 4501, '0', 3), (18561, 4501, '1', 2), (18571, 4501, '2', 1), 
(18581, 4511, '-2', 5), (18591, 4511, '-1', 4), (18601, 4511, '0', 3), (18611, 4511, '1', 2), (18621, 4511, '2', 1), 
(18631, 4521, '-2', 5), (18641, 4521, '-1', 4), (18651, 4521, '0', 3), (18661, 4521, '1', 2), (18671, 4521, '2', 1), 
(18681, 4531, '-2', 5), (18691, 4531, '-1', 4), (18701, 4531, '0', 3), (18711, 4531, '1', 2), (18721, 4531, '2', 1), 
(18731, 4541, '-2', 5), (18741, 4541, '-1', 4), (18751, 4541, '0', 3), (18761, 4541, '1', 2), (18771, 4541, '2', 1), 
(18781, 4551, '-2', 5), (18791, 4551, '-1', 4), (18801, 4551, '0', 3), (18811, 4551, '1', 2), (18821, 4551, '2', 1);

/*
-- "Опрос-ситуации"
INSERT INTO Test (Test_ID, Name, Instruction, CanRedo) VALUES (41, 'Опрос-ситуации', 'Мы проводим исследование по взаимодействию пользователей в социальных сетях. Все собранные **ответы** будут **обезличены**, мы не используем личную информацию, для исследования необходимы только параметры профиля.\n\nВам будет предложено 14 вопросов, среди которых 3 – общие; в 11-ти нужно выбрать 3–5 друзей из списка друзей во ВКонтакте:\n+ 9 ситуаций обращения за помощью через личные сообщения ВКонтакте. В этих вопросах нужно выбрать тех друзей, на просьбы которых Вы откликнетесь с большей вероятностью.\n+ 2 вопроса про отношения с Вашими друзьями.\n\nВезде **друзей** нужно расположить **в порядке убывания** вероятности отклика. При прочтении ситуации не стоит обращать внимание на используемый род. Некоторые ситуации могут напоминать спам, и если Вы затрудняетесь дать на них ответ, то укажите тех, кто первым приходит на ум.\n\n*Пример: на просьбу перевести деньги я вероятнее всего откликнусь, если она поступила от: 1. Васи Пупкина; 2. Пети Кукурузкина; 3. Ивана Рыбкина; 4. Пелагеи Милявской; 5. Каролины Перепелкиной.*\n\n**Вы можете вернуться к инструкции, нажав на надпись «Вопрос №...» наверху**.', 1);

INSERT INTO Question (Question_ID, Test_ID, Description, Category, Type, A_Mode, Photo) VALUES
(4561, 41, 'Вам пришло сообщение. У Вас бы возникло стремление помочь, если бы данная просьба поступила от:', 'none', 'priority-friends', 'multiple', 'https://imagizer.imageshack.com/v2/xq90/922/ICXcon.jpg'),
(4571, 41, 'Вам пришло сообщение. Вы бы, вероятно, нажали на ссылку, если бы такое сообщение пришло от:', 'none', 'priority-friends', 'multiple', 'https://imagizer.imageshack.com/v2/xq90/924/HlwsRL.jpg'),
(4581, 41, 'Вам пришло сообщение. Вы бы, скорее всего, позвонили сами или распространили это сообщение среди своих друзей, если бы оно пришло от:', 'none', 'priority-friends', 'multiple', 'https://imagizer.imageshack.com/v2/xq90/922/JCtvQ5.jpg'),
(4591, 41, 'Вам пришло сообщение. Вы бы могли предоставить доступ, если бы сообщение поступило от:', 'none', 'priority-friends', 'multiple', 'https://imagizer.imageshack.com/v2/xq90/923/i2l78q.jpg'),
(4601, 41, 'Вам пришло сообщение. Вы бы, скорее всего, согласились помочь, если бы сообщение поступило от:', 'none', 'priority-friends', 'multiple', 'https://imagizer.imageshack.com/v2/xq90/923/oBWdIz.jpg'),
-- (4611, 41, 'Вам пришло сообщение. Вы бы, возможно, перевели деньги, если бы сообщение пришло от:', 'none', 'priority-friends', 'multiple', 'https://imagizer.imageshack.com/v2/xq90/922/ug6JwT.jpg'),
-- (4621, 41, 'Вам пришло сообщение. Вы бы, скорее всего, ответили, если бы сообщение пришло от:', 'none', 'priority-friends', 'multiple', 'https://imagizer.imageshack.com/v2/xq90/922/d1kyr1.jpg'),
(4631, 41, 'Вам пришло сообщение. Вы бы честно рассказали, если бы сообщение пришло от:', 'none', 'priority-friends', 'multiple', 'https://imagizer.imageshack.com/v2/xq90/923/Tn0q0w.jpg'),
-- (4641, 41, 'Представьте следующую ситуацию. Вам на телефон приходит смс о пополнении баланса банковской карты. После чего ВКонтакте приходит сообщение от друга. Вы бы, скорее всего, перевели деньги, если бы сообщение пришло от:', 'none', 'priority-friends', 'multiple', 'https://imagizer.imageshack.com/v2/xq90/924/VBfwbY.jpg'),
(4651, 41, 'С кем из друзей Вы чаще всего общаетесь в реальной жизни?', 'none', 'priority-friends', 'multiple', NULL),
(4661, 41, 'С кем Вы чаще всего общаетесь в социальной сети ВКонтакте?', 'none', 'priority-friends', 'multiple', NULL),
(4671, 41, 'Социальную сеть ВКонтакте Вы обычно используете для общения с:', 'none', 'checkbox-input', 'multiple', NULL),
(4681, 41, 'Где Вы чаще всего общаетесь?', 'none', 'checkbox-input', 'multiple', NULL),
(4691, 41, 'Укажите, пожалуйста, при наличии ссылки на свои профили в:', 'none', 'input', 'multiple', NULL);

INSERT INTO Answer (Answer_ID, Question_ID, Description, Value) VALUES
(18831, 4561, 'Друг (1 приоритет)', 0),
(18841, 4561, 'Друг (2 приоритет)', 0),
(18851, 4561, 'Друг (3 приоритет)', 0),
(18861, 4561, 'Друг (4 приоритет)', 0),
(18871, 4561, 'Друг (5 приоритет)', 0),
(18881, 4571, 'Друг (1 приоритет)', 0),
(18891, 4571, 'Друг (2 приоритет)', 0),
(18901, 4571, 'Друг (3 приоритет)', 0),
(18911, 4571, 'Друг (4 приоритет)', 0),
(18921, 4571, 'Друг (5 приоритет)', 0),
(18931, 4581, 'Друг (1 приоритет)', 0),
(18941, 4581, 'Друг (2 приоритет)', 0),
(18951, 4581, 'Друг (3 приоритет)', 0),
(18961, 4581, 'Друг (4 приоритет)', 0),
(18971, 4581, 'Друг (5 приоритет)', 0),
(18981, 4591, 'Друг (1 приоритет)', 0),
(18991, 4591, 'Друг (2 приоритет)', 0),
(19001, 4591, 'Друг (3 приоритет)', 0),
(19011, 4591, 'Друг (4 приоритет)', 0),
(19021, 4591, 'Друг (5 приоритет)', 0),
(19031, 4601, 'Друг (1 приоритет)', 0),
(19041, 4601, 'Друг (2 приоритет)', 0),
(19051, 4601, 'Друг (3 приоритет)', 0),
(19061, 4601, 'Друг (4 приоритет)', 0),
(19071, 4601, 'Друг (5 приоритет)', 0),
-- (19081, 4611, 'Друг (1 приоритет)', 0),
-- (19091, 4611, 'Друг (2 приоритет)', 0),
-- (19101, 4611, 'Друг (3 приоритет)', 0),
-- (19111, 4611, 'Друг (4 приоритет)', 0),
-- (19121, 4611, 'Друг (5 приоритет)', 0),
-- (19131, 4621, 'Друг (1 приоритет)', 0),
-- (19141, 4621, 'Друг (2 приоритет)', 0),
-- (19151, 4621, 'Друг (3 приоритет)', 0),
-- (19161, 4621, 'Друг (4 приоритет)', 0),
-- (19171, 4621, 'Друг (5 приоритет)', 0),
(19181, 4631, 'Друг (1 приоритет)', 0),
(19191, 4631, 'Друг (2 приоритет)', 0),
(19201, 4631, 'Друг (3 приоритет)', 0),
(19211, 4631, 'Друг (4 приоритет)', 0),
(19221, 4631, 'Друг (5 приоритет)', 0),
-- (19231, 4641, 'Друг (1 приоритет)', 0),
-- (19241, 4641, 'Друг (2 приоритет)', 0),
-- (19251, 4641, 'Друг (3 приоритет)', 0),
-- (19261, 4641, 'Друг (4 приоритет)', 0),
-- (19271, 4641, 'Друг (5 приоритет)', 0),
(19281, 4651, 'Друг (1 приоритет)', 0),
(19291, 4651, 'Друг (2 приоритет)', 0),
(19301, 4651, 'Друг (3 приоритет)', 0),
(19311, 4651, 'Друг (4 приоритет)', 0),
(19321, 4651, 'Друг (5 приоритет)', 0),
(19331, 4661, 'Друг (1 приоритет)', 0),
(19341, 4661, 'Друг (2 приоритет)', 0),
(19351, 4661, 'Друг (3 приоритет)', 0),
(19361, 4661, 'Друг (4 приоритет)', 0),
(19371, 4661, 'Друг (5 приоритет)', 0),
(19381, 4671, 'Коллеги', 0),
(19391, 4671, 'Родственники', 0),
(19401, 4671, 'Одногруппники', 0),
(19411, 4671, 'Друзья (из реальной жизни)', 0),
(19421, 4671, 'Знакомые', 0),
(19431, 4671, 'Практически не использую', 0),
(19441, 4671, 'Другое', 0),
(19451, 4681, 'ВКонтакте', 0),
(19461, 4681, 'Telegram', 0),
(19471, 4681, 'WhatsApp', 0),
(19481, 4681, 'Viber', 0),
(19491, 4681, 'Instagram', 0),
(19501, 4681, 'Одноклассники', 0),
(19511, 4681, 'Звоню по телефону', 0),
(19521, 4681, 'Другое', 0),
(19531, 4691, 'Instagram (пример ввода: @dscs.pro)', 0),
(19541, 4691, 'Одноклассниках (пример ввода: ok.ru/profile/1)', 0);
*/

-- "Темперамент"
INSERT INTO Test (Test_ID, Name, Instruction, CanRedo) VALUES 
(51, 'Темперамент', 'Предлагаем Вам ответить вопросы, направленные на выявление Вашего обычного способа поведения. Постарайтесь представить типичные ситуации и дать **первый** "естественный" **ответ**, который придет Вам в голову. Отвечайте быстро и точно. Помните, что нет "хороших" или "плохих" ответов. Если Вы согласны с утверждением, нажмите на кнопку "Да", если не согласны - на кнопку "Нет".\n\n**Вы можете вернуться к инструкции, нажав на надпись «Вопрос №...» наверху**.', 0);

INSERT INTO Question (Question_ID, Test_ID, Description, Category, Type, A_Mode) VALUES
(4701, 51, 'У вас много различных хобби?', 'Экстраверсия', 'button', 'single'),
(4711, 51, 'Вы обдумываете предварительно то, что собираетесь сделать?', 'Психотизм', 'button', 'single'),
(4721, 51, 'У Вас часто бывают спады и подъемы настроения?', 'Нейротизм', 'button', 'single'),
(4731, 51, 'Вы претендовали когда-нибудь на похвалу за то, что в действительности сделал другой человек?', 'Искренность', 'button', 'single'),
(4741, 51, 'Вы разговорчивый человек?', 'Экстраверсия', 'button', 'single'),
(4751, 51, 'Вас беспокоило бы то, что Вы залезли в долги?', 'Психотизм', 'button', 'single'),
(4761, 51, 'Вам приходилось чувствовать себя несчастным человеком без особых на то причин?', 'Нейротизм', 'button', 'single'),
(4771, 51, 'Вам случалось когда-нибудь пожадничать, чтобы получить больше, чем Вам полагалось?', 'Искренность', 'button', 'single'),
(4781, 51, 'Вы тщательно запираете дверь на ночь?', 'Психотизм', 'button', 'single'),
(4791, 51, 'Вы считаете себя жизнерадостным человеком?', 'Экстраверсия', 'button', 'single'),
(4801, 51, 'Увидев, как страдает ребенок, животное. Вы бы сильно расстроились?', 'Психотизм', 'button', 'single'),
(4811, 51, 'Вы часто переживаете из-за того, что сделали или сказали что-то, чего не следовало бы делать или говорить?', 'Нейротизм', 'button', 'single'),
(4821, 51, 'Вы всегда исполняете свои обещания, даже если лично Вам это очень неудобно?', 'Искренность', 'button', 'single'), 
(4831, 51, 'Вы получили бы удовольствие прыгая с парашютом?', 'Психотизм', 'button', 'single'),
(4841, 51, 'Способны ли Вы дать волю чувствам и от души повеселиться в шумной компании?', 'Экстраверсия', 'button', 'single'),
(4851, 51, 'Вы раздражительны?', 'Нейротизм', 'button', 'single'),
(4861, 51, 'Вы когда-нибудь обвиняли кого-нибудь в том, в чем на самом деле были виноваты Вы сами?', 'Искренность', 'button', 'single'),
(4871, 51, 'Вам нравится знакомиться с новыми людьми?', 'Экстраверсия', 'button', 'single'),
(4881, 51, 'Вы верите в пользу страхования?', 'Психотизм', 'button', 'single'),
(4891, 51, 'Легко ли Вас обидеть?', 'Нейротизм', 'button', 'single'),
(4901, 51, 'Все ли Ваши привычки хороши и желательны?', 'Искренность', 'button', 'single'),
(4911, 51, 'Вы стараетесь быть в тени, находясь в обществе?', 'Экстраверсия', 'button', 'single'),
(4921, 51, 'Стали бы Вы принимать средства, которые могут привести Вас в необычное или опасное состояние (алкоголь, наркотики)?', 'Психотизм', 'button', 'single'),
(4931, 51, 'Вы часто испытываете такое состояние, когда все надоело?', 'Нейротизм', 'button', 'single'),
(4941, 51, 'Вам случалось брать вещи, принадлежащие другому лицу, будь это даже такая мелочь, как булавка или пуговица?', 'Искренность', 'button', 'single'),
(4951, 51, 'Вам нравится часто ходить к кому-нибудь в гости и бывать в обществе?', 'Экстраверсия', 'button', 'single'),
(4961, 51, 'Вам доставляет удовольствие обижать тех, кого Вы любите?', 'Психотизм', 'button', 'single'),
(4971, 51, 'Вас часто беспокоит чувство вины?', 'Нейротизм', 'button', 'single'),
(4981, 51, 'Вам приходилось говорить о том, в чем Вы плохо разбираетесь?', 'Искренность', 'button', 'single'),
(4991, 51, 'Вы обычно предпочитаете книги встречам с людьми?', 'Экстраверсия', 'button', 'single'),
(5001, 51, 'У Вас есть явные враги?', 'Психотизм', 'button', 'single'),
(5011, 51, 'Вы назвали бы себя нервным человеком?', 'Нейротизм', 'button', 'single'),
(5021, 51, 'Вы всегда извиняетесь, когда нагрубите другому?', 'Искренность', 'button', 'single'),
(5031, 51, 'У Вас много друзей?', 'Экстраверсия', 'button', 'single'),
(5041, 51, 'Вам нравится устраивать розыгрыши и шутки, которые иногда могут действительно причинить людям боль?', 'Психотизм', 'button', 'single'),
(5051, 51, 'Вы беспокойный человек?', 'Нейротизм', 'button', 'single'),
(5061, 51, 'В детстве Вы всегда безропотно и немедленно выполняли то, что Вам приказывали?', 'Искренность', 'button', 'single'),
(5071, 51, 'Вы считаете себя беззаботным человеком?', 'Экстраверсия', 'button', 'single'),
(5081, 51, 'Много ли для Вас значат хорошие манеры и чистоплотность?', 'Психотизм', 'button', 'single'),
(5091, 51, 'Волнуетесь ли Вы по поводу каких-либо ужасных событий, которые могли бы случиться, но не случились?', 'Нейротизм', 'button', 'single'),
(5101, 51, 'Вам случалось сломать или потерять чужую вещь?', 'Искренность', 'button', 'single'),
(5111, 51, 'Вы обычно первыми проявляете инициативу при знакомстве?', 'Экстраверсия', 'button', 'single'),
(5121, 51, 'Можете ли Вы легко понять состояние человека, если он делится с Вами заботами?', 'Психотизм', 'button', 'single'),
(5131, 51, 'У Вас часто нервы бывают натянуты до предела?', 'Нейротизм', 'button', 'single'),
(5141, 51, 'Бросите ли Вы ненужную бумажку на пол, если под рукой нет корзины?', 'Искренность', 'button', 'single'),
(5151, 51, 'Вы больше молчите, находясь в обществе других людей?', 'Экстраверсия', 'button', 'single'),
(5161, 51, 'Считаете ли Вы что брак старомоден, и его следует отменить?', 'Психотизм', 'button', 'single'),
(5171, 51, 'Вы иногда чувствуете жалость к себе?', 'Нейротизм', 'button', 'single'),
(5181, 51, 'Вы иногда много хвастаетесь?', 'Искренность', 'button', 'single'),
(5191, 51, 'Вы легко можете внести оживление в довольно скучную компанию?', 'Экстраверсия', 'button', 'single'),
(5201, 51, 'Раздражают ли Вас осторожные водители?', 'Психотизм', 'button', 'single'),
(5211, 51, 'Вы беспокоитесь о своем здоровье?', 'Нейротизм', 'button', 'single'),
(5221, 51, 'Вы говорили когда-нибудь плохо о другом человеке?', 'Искренность', 'button', 'single'),
(5231, 51, 'Вы любите пересказывать анекдоты и шутки своим друзьям?', 'Экстраверсия', 'button', 'single'),
(5241, 51, 'Для Вас большинство пищевых продуктов одинаковы на вкус?', 'Психотизм', 'button', 'single'),
(5251, 51, 'Бывает ли у Вас иногда дурное настроение?', 'Нейротизм', 'button', 'single'),
(5261, 51, 'Вы дерзили когда-нибудь своим родителям в детстве?', 'Искренность', 'button', 'single'),
(5271, 51, 'Вам нравится общаться с людьми?', 'Экстраверсия', 'button', 'single'),
(5281, 51, 'Вы переживаете, если узнаете, что допустили ошибки в своей работе?', 'Психотизм', 'button', 'single'),
(5291, 51, 'Вы страдаете от бессонницы?', 'Нейротизм', 'button', 'single'),
(5301, 51, 'Вы всегда моете руки перед едой?', 'Искренность', 'button', 'single'),
(5311, 51, 'Вы из тех людей, которые не лезут за словом в карман?', 'Экстраверсия', 'button', 'single'),
(5321, 51, 'Вы предпочитаете приходить на встречу немного раньше назначенного срока?', 'Психотизм', 'button', 'single'),
(5331, 51, 'Вы чувствуете себя апатичным, усталым, без какой-либо причины?', 'Нейротизм', 'button', 'single'),
(5341, 51, 'Вы так любите поговорить" что не упускаете любого удобного случая побеседовать с новым человеком?', 'Экстраверсия', 'button', 'single'),
(5351, 51, 'Вы плутовали когда-нибудь в игре?', 'Искренность', 'button', 'single'),
(5361, 51, 'Ваша мать - хороший человек (была хорошим человеком)?', 'Психотизм', 'button', 'single'),
(5371, 51, 'Часто ли Вам кажется, что жизнь ужасно скучна?', 'Нейротизм', 'button', 'single'),
(5381, 51, 'Вы когда-нибудь воспользовались оплошностью другого человека в своих целях?', 'Искренность', 'button', 'single'),
(5391, 51, 'Вы часто берете на себя больше, чем позволяет время?', 'Экстраверсия', 'button', 'single'),
(5401, 51, 'Есть ли люди, которые стараются избегать Вас?', 'Психотизм', 'button', 'single'),
(5411, 51, 'Вас очень заботит Ваша внешность?', 'Нейротизм', 'button', 'single'),
(5421, 51, 'Вы всегда вежливы, даже с неприятными людьми?', 'Искренность', 'button', 'single'),
(5431, 51, 'Считаете ли Вы, что люди затрачивают слишком много времени, чтобы обеспечить свое будущее, откладывая сбережения, страхуя себя и свою жизнь?', 'Экстраверсия', 'button', 'single'),
(5441, 51, 'Возникало ли у Вас когда-нибудь желание умереть?', 'Нейротизм', 'button', 'single'),
(5451, 51, 'Вы попытались бы избежать уплаты налога с дополнительного заработка, если бы были уверены, что Вас никогда не смогут уличить в этом?', 'Искренность', 'button', 'single'),
(5461, 51, 'Вы можете внести оживление в компанию?', 'Экстраверсия', 'button', 'single'),
(5471, 51, 'Вы стараетесь не грубить людям?', 'Психотизм', 'button', 'single'),
(5481, 51, 'Вы долго переживаете после случившегося конфуза?', 'Нейротизм', 'button', 'single'),
(5491, 51, 'Вы когда-нибудь настаивали на том, чтобы было по-вашему?', 'Искренность', 'button', 'single'),
(5501, 51, 'Вы часто приезжаете на вокзал в последнюю минуту перед отходом поезда?', 'Экстраверсия', 'button', 'single'),
(5511, 51, 'Вы когда-нибудь намеренно говорили что-нибудь неприятное или обидное для человека?', 'Искренность', 'button', 'single'),
(5521, 51, 'Вас беспокоили Ваши нервы?', 'Нейротизм', 'button', 'single'),
(5531, 51, 'Вам неприятно находиться среди людей, которые подшучивают над товарищами?', 'Экстраверсия', 'button', 'single'),
(5541, 51, 'Вы легко теряете друзей по своей вине?', 'Психотизм', 'button', 'single'),
(5551, 51, 'Вы часто испытываете чувство одиночества?', 'Нейротизм', 'button', 'single'),
(5561, 51, 'Всегда ли Ваши слова совпадают с делом?', 'Искренность', 'button', 'single'),
(5571, 51, 'Нравится ли Вам иногда дразнить животных?', 'Психотизм', 'button', 'single'),
(5581, 51, 'Вы легко обижаетесь на замечания, касающиеся лично Вас и Вашей работы?', 'Нейротизм', 'button', 'single'),
(5591, 51, 'Жизнь без какой-либо опасности показалась бы Вам слишком скучной?', 'Экстраверсия', 'button', 'single'),
(5601, 51, 'Вы когда-нибудь опаздывали на свидание или работу?', 'Искренность', 'button', 'single'),
(5611, 51, 'Вам нравится суета и оживление вокруг Вас?', 'Экстраверсия', 'button', 'single'),
(5621, 51, 'Вы хотите, чтобы люди боялись Вас?', 'Психотизм', 'button', 'single'),
(5631, 51, 'Верно ли, что Вы иногда полны энергии и все горит в руках, а иногда совсем вялы?', 'Нейротизм', 'button', 'single'),
(5641, 51, 'Вы иногда откладываете на завтра то, что должны сделать сегодня?', 'Искренность', 'button', 'single'),
(5651, 51, 'Считают ли Вас живым и веселым человеком?', 'Экстраверсия', 'button', 'single'),
(5661, 51, 'Часто ли Вам говорят неправду?', 'Психотизм', 'button', 'single'),
(5671, 51, 'Вы очень чувствительны к некоторым явлениям, событиям, вещам?', 'Нейротизм', 'button', 'single'),
(5681, 51, 'Вы всегда готовы признать свои ошибки?', 'Искренность', 'button', 'single'),
(5691, 51, 'Вам когда-нибудь было жалко животное, которое попало в капкан?', 'Психотизм', 'button', 'single');

INSERT INTO Answer (Answer_ID, Question_ID, Description, Value) VALUES
(19551, 4701, 'да', 1), (19561, 4701, 'нет', 0), 
(19571, 4711, 'да', 0), (19581, 4711, 'нет', 1), 
(19591, 4721, 'да', 1), (19601, 4721, 'нет', 0), 
(19611, 4731, 'да', 0), (19621, 4731, 'нет', 1), 
(19631, 4741, 'да', 1), (19641, 4741, 'нет', 0), 
(19651, 4751, 'да', 0), (19661, 4751, 'нет', 1), 
(19671, 4761, 'да', 1), (19681, 4761, 'нет', 0), 
(19691, 4771, 'да', 0), (19701, 4771, 'нет', 1), 
(19711, 4781, 'да', 0), (19721, 4781, 'нет', 1), 
(19731, 4791, 'да', 1), (19741, 4791, 'нет', 0), 
(19751, 4801, 'да', 0), (19761, 4801, 'нет', 1), 
(19771, 4811, 'да', 1), (19781, 4811, 'нет', 0), 
(19791, 4821, 'да', 1), (19801, 4821, 'нет', 0), 
(19811, 4831, 'да', 1), (19821, 4831, 'нет', 0), 
(19831, 4841, 'да', 1), (19841, 4841, 'нет', 0), 
(19851, 4851, 'да', 1), (19861, 4851, 'нет', 0), 
(19871, 4861, 'да', 0), (19881, 4861, 'нет', 1), 
(19891, 4871, 'да', 1), (19901, 4871, 'нет', 0), 
(19911, 4881, 'да', 0), (19921, 4881, 'нет', 1), 
(19931, 4891, 'да', 1), (19941, 4891, 'нет', 0), 
(19951, 4901, 'да', 1), (19961, 4901, 'нет', 0), 
(19971, 4911, 'да', 0), (19981, 4911, 'нет', 1), 
(19991, 4921, 'да', 1), (20001, 4921, 'нет', 0), 
(20011, 4931, 'да', 1), (20021, 4931, 'нет', 0), 
(20031, 4941, 'да', 0), (20041, 4941, 'нет', 1), 
(20051, 4951, 'да', 1), (20061, 4951, 'нет', 0), 
(20071, 4961, 'да', 1), (20081, 4961, 'нет', 0), 
(20091, 4971, 'да', 1), (20101, 4971, 'нет', 0), 
(20111, 4981, 'да', 0), (20121, 4981, 'нет', 1), 
(20131, 4991, 'да', 0), (20141, 4991, 'нет', 1), 
(20151, 5001, 'да', 1), (20161, 5001, 'нет', 0), 
(20171, 5011, 'да', 1), (20181, 5011, 'нет', 0), 
(20191, 5021, 'да', 1), (20201, 5021, 'нет', 0), 
(20211, 5031, 'да', 1), (20221, 5031, 'нет', 0), 
(20231, 5041, 'да', 1), (20241, 5041, 'нет', 0), 
(20251, 5051, 'да', 1), (20261, 5051, 'нет', 0), 
(20271, 5061, 'да', 1), (20281, 5061, 'нет', 0), 
(20291, 5071, 'да', 1), (20301, 5071, 'нет', 0), 
(20311, 5081, 'да', 0), (20321, 5081, 'нет', 1), 
(20331, 5091, 'да', 1), (20341, 5091, 'нет', 0), 
(20351, 5101, 'да', 0), (20361, 5101, 'нет', 1), 
(20371, 5111, 'да', 1), (20381, 5111, 'нет', 0), 
(20391, 5121, 'да', 0), (20401, 5121, 'нет', 1), 
(20411, 5131, 'да', 1), (20421, 5131, 'нет', 0), 
(20431, 5141, 'да', 0), (20441, 5141, 'нет', 1), 
(20451, 5151, 'да', 0), (20461, 5151, 'нет', 1), 
(20471, 5161, 'да', 1), (20481, 5161, 'нет', 0), 
(20491, 5171, 'да', 1), (20501, 5171, 'нет', 0), 
(20511, 5181, 'да', 0), (20521, 5181, 'нет', 1), 
(20531, 5191, 'да', 1), (20541, 5191, 'нет', 0), 
(20551, 5201, 'да', 1), (20561, 5201, 'нет', 0), 
(20571, 5211, 'да', 1), (20581, 5211, 'нет', 0), 
(20591, 5221, 'да', 0), (20601, 5221, 'нет', 1), 
(20611, 5231, 'да', 1), (20621, 5231, 'нет', 0), 
(20631, 5241, 'да', 1), (20641, 5241, 'нет', 0), 
(20651, 5251, 'да', 1), (20661, 5251, 'нет', 0), 
(20671, 5261, 'да', 0), (20681, 5261, 'нет', 1), 
(20691, 5271, 'да', 1), (20701, 5271, 'нет', 0), 
(20711, 5281, 'да', 0), (20721, 5281, 'нет', 1), 
(20731, 5291, 'да', 1), (20741, 5291, 'нет', 0), 
(20751, 5301, 'да', 1), (20761, 5301, 'нет', 0), 
(20771, 5311, 'да', 1), (20781, 5311, 'нет', 0), 
(20791, 5321, 'да', 0), (20801, 5321, 'нет', 1), 
(20811, 5331, 'да', 1), (20821, 5331, 'нет', 0), 
(20831, 5341, 'да', 1), (20841, 5341, 'нет', 0), 
(20851, 5351, 'да', 0), (20861, 5351, 'нет', 1), 
(20871, 5361, 'да', 0), (20881, 5361, 'нет', 1), 
(20891, 5371, 'да', 1), (20901, 5371, 'нет', 0), 
(20911, 5381, 'да', 0), (20921, 5381, 'нет', 1), 
(20931, 5391, 'да', 1), (20941, 5391, 'нет', 0), 
(20951, 5401, 'да', 1), (20961, 5401, 'нет', 0), 
(20971, 5411, 'да', 1), (20981, 5411, 'нет', 0), 
(20991, 5421, 'да', 1), (21001, 5421, 'нет', 0), 
(21011, 5431, 'да', 1), (21021, 5431, 'нет', 0), 
(21031, 5441, 'да', 1), (21041, 5441, 'нет', 0), 
(21051, 5451, 'да', 0), (21061, 5451, 'нет', 1), 
(21071, 5461, 'да', 1), (21081, 5461, 'нет', 0), 
(21091, 5471, 'да', 0), (21101, 5471, 'нет', 1), 
(21111, 5481, 'да', 1), (21121, 5481, 'нет', 0), 
(21131, 5491, 'да', 0), (21141, 5491, 'нет', 1), 
(21151, 5501, 'да', 1), (21161, 5501, 'нет', 0), 
(21171, 5511, 'да', 0), (21181, 5511, 'нет', 1), 
(21191, 5521, 'да', 1), (21201, 5521, 'нет', 0), 
(21211, 5531, 'да', 0), (21221, 5531, 'нет', 1), 
(21231, 5541, 'да', 1), (21241, 5541, 'нет', 0), 
(21251, 5551, 'да', 1), (21261, 5551, 'нет', 0), 
(21271, 5561, 'да', 1), (21281, 5561, 'нет', 0), 
(21291, 5571, 'да', 1), (21301, 5571, 'нет', 0), 
(21311, 5581, 'да', 1), (21321, 5581, 'нет', 0), 
(21331, 5591, 'да', 1), (21341, 5591, 'нет', 0), 
(21351, 5601, 'да', 0), (21361, 5601, 'нет', 1), 
(21371, 5611, 'да', 1), (21381, 5611, 'нет', 0), 
(21391, 5621, 'да', 1), (21401, 5621, 'нет', 0), 
(21411, 5631, 'да', 1), (21421, 5631, 'нет', 0), 
(21431, 5641, 'да', 0), (21441, 5641, 'нет', 1), 
(21451, 5651, 'да', 1), (21461, 5651, 'нет', 0), 
(21471, 5661, 'да', 1), (21481, 5661, 'нет', 0), 
(21491, 5671, 'да', 1), (21501, 5671, 'нет', 0), 
(21511, 5681, 'да', 1), (21521, 5681, 'нет', 0), 
(21531, 5691, 'да', 0), (21541, 5691, 'нет', 1);

-- "Характерологический опросник Леонгарда"
INSERT INTO Test (Test_ID, Name, Instruction, CanRedo) VALUES 
(61, 'Характерологический опросник Леонгарда', 'Вам предлагаются утверждения и вопросы, касающиеся Вашего характера. Если Вы согласны с утверждением, то нажмите на кнопку "**Да**", если же не согласны - на кнопку "**Нет**". Над ответами не следует долго думать, здесь нет правильных и неправильных ответов.\n\n**Вы можете вернуться к инструкции, нажав на надпись «Вопрос №...» наверху**.', 0);

INSERT INTO Question (Question_ID, Test_ID, Description, Category, Type, A_Mode) VALUES
(5701, 61, 'У Вас чаще бывает веселое и беззаботное настроение.', 'Г-1', 'button', 'single'),
(5711, 61, 'Вы чувствительны к оскорблениям.', 'Г-2', 'button', 'single'),
(5721, 61, 'Бывает ли так, что у Вас на глаза навертываются слезы в кино, театре, в беседе и т. п.?', 'Г-3', 'button', 'single'),
(5731, 61, 'Сделав что-либо, Вы сомневаетесь, все ли сделано правильно, и не успокаиваетесь до тех пор, пока не убедитесь еще раз в этом.', 'Г-4', 'button', 'single'),
(5741, 61, 'В детстве вы были таким же смелым, как другие Ваши сверстники.', 'Г-5', 'button', 'single'),
(5751, 61, 'Часто ли у Вас резко меняется настроение от состояния безграничного ликования до отвращения к жизни, к себе?', 'Г-6', 'button', 'single'),
(5761, 61, 'Являетесь ли вы обычно центром внимания в обществе, в компании?', 'Г-7', 'button', 'single'),
(5771, 61, 'Бывает ли так, что вы беспричинно находитесь в таком ворчливом настроении, что с Вами лучше не разговаривать?', 'Г-8', 'button', 'single'),
(5781, 61, 'Вы серьезный человек.', 'Г-9', 'button', 'single'),
(5791, 61, 'Способны ли вы восхищаться, восторгаться чем-нибудь?', 'Г-10', 'button', 'single'),
(5801, 61, 'Предприимчивы ли Вы?', 'Г-1', 'button', 'single'),
(5811, 61, 'Вы быстро забываете, если Вас кто-то обидит.', 'Г-2', 'button', 'single'),
(5821, 61, 'Мягкосердечны ли Вы?', 'Г-3', 'button', 'single'),
(5831, 61, 'Опуская письмо в ящик, проверяете ли Вы, проводя рукой по щели ящика, что письмо упало в него?', 'Г-4', 'button', 'single'),
(5841, 61, 'Стремитесь ли вы всегда считаться в числе лучших работников?', 'Г-2', 'button', 'single'),
(5851, 61, 'Бывало ли Вам в детстве страшно во время грозы или при встрече с незнакомой собакой (а может быть, такое чувство бывает и теперь)?', 'Г-5', 'button', 'single'),
(5861, 61, 'Вы стремитесь во всем и повсюду соблюдать порядок.', 'Г-4', 'button', 'single'),
(5871, 61, 'Ваше настроение зависит от внешних обстоятельств.', 'Г-6', 'button', 'single'),
(5881, 61, 'Любят ли вас ваши знакомые?', 'Г-7', 'button', 'single'),
(5891, 61, 'Часто ли у Вас бывает чувство внутреннего беспокойства, ощущение возможной неприятности, беды?', 'Г-8', 'button', 'single'),
(5901, 61, 'У вас часто бывает несколько подавленное настроение.', 'Г-9', 'button', 'single'),
(5911, 61, 'Переживали ли Вы хотя бы раз истерику или нервный срыв?', 'Г-7', 'button', 'single'),
(5921, 61, 'Трудно ли вам долго усидеть на месте?', 'Г-1', 'button', 'single'),
(5931, 61, 'Если по отношению к Вам несправедливо поступили, Вы обычно считаете нужным энергично отстаивать свои интересы.', 'Г-2', 'button', 'single'),
(5941, 61, 'Можете ли Вы зарезать курицу или овцу?', 'Г-3', 'button', 'single'),
(5951, 61, 'Вас раздражает, если дома занавес или скатерть висят неровно, и вы сразу же стараетесь поправить их.', 'Г-4', 'button', 'single'),
(5961, 61, 'Вы в детстве боялись оставаться в одиночестве дома.', 'Г-5', 'button', 'single'),
(5971, 61, 'Часто ли у вас бывают беспричинные колебания настроения?', 'Г-6', 'button', 'single'),
(5981, 61, 'Вы стремитесь быть высококвалифицированным работником в своей профессии.', 'Г-7', 'button', 'single'),
(5991, 61, 'Быстро ли Вы начинаете сердиться или впадать в гнев?', 'Г-8', 'button', 'single'),
(6001, 61, 'Можете ли Вы быть абсолютно беззаботным?', 'Г-9', 'button', 'single'),
(6011, 61, 'Бывает ли так, что ощущение полного счастья буквально пронизывает Вас?', 'Г-10', 'button', 'single'),
(6021, 61, 'Как Вы думаете, получился бы из Вас ведущий в юмористическом концерте?', 'Г-1', 'button', 'single'),
(6031, 61, 'Вы обычно высказываете свое мнение достаточно откровенно, прямо и недвусмысленно.', 'Г-2', 'button', 'single'),
(6041, 61, 'Вам трудно переносить вид крови, он вызывает у Вас неприятные ощущения.', 'Г-3', 'button', 'single'),
(6051, 61, 'Нравится ли Вам работа с большой личной ответственностью?', 'Г-4', 'button', 'single'),
(6061, 61, 'Вы склонны выступать в защиту лиц, по отношению к которым допущена несправедливость.', 'Г-2', 'button', 'single'),
(6071, 61, 'Было бы Вам страшно спускаться в темный подвал?', 'Г-5', 'button', 'single'),
(6081, 61, 'Вы предпочитаете работу, в которой надо действовать быстро, но требования к качеству выполнения невысоки.', 'Г-4', 'button', 'single'),
(6091, 61, 'Общительны ли Вы?', 'Г-6', 'button', 'single'),
(6101, 61, 'В школе вы охотно декламировали стихи.', 'Г-7', 'button', 'single'),
(6111, 61, 'Убегали ли Вы в детстве из дома?', 'Г-8', 'button', 'single'),
(6121, 61, 'Кажется ли Вам жизнь трудной?', 'Г-9', 'button', 'single'),
(6131, 61, 'Бывает ли так, что после конфликта, обиды Вы были до того расстроены, что идти на работу казалось просто невыносимым?', 'Г-7', 'button', 'single'),
(6141, 61, 'Можно ли сказать, что при неудаче Вы не теряете чувства юмора?', 'Г-1', 'button', 'single'),
(6151, 61, 'Если бы Вас кто-либо обидел, предприняли бы Вы первым шаги к примирению?', 'Г-2', 'button', 'single'),
(6161, 61, 'Вы очень любите животных.', 'Г-3', 'button', 'single'),
(6171, 61, 'Вы иногда возвращаетесь, чтобы убедиться, что оставили дом или рабочее место в порядке, и там ничего непредвиденного не случилось.', 'Г-4', 'button', 'single'),
(6181, 61, 'Вас иногда преследует неясная мысль, что с Вами или Вашими близкими может случиться что-то страшное.', 'Г-5', 'button', 'single'),
(6191, 61, 'Считаете ли Вы, что Ваше настроение очень изменчиво?', 'Г-6', 'button', 'single'),
(6201, 61, 'Трудно ли Вам выступать перед большим количеством людей?', 'Г-7', 'button', 'single'),
(6211, 61, 'Вы можете ударить обидчика, если он Вас оскорбит.', 'Г-8', 'button', 'single'),
(6221, 61, 'У Вас очень велика потребность в общении с другими людьми.', 'Г-9', 'button', 'single'),
(6231, 61, 'Вы относитесь к тем, кто при каких-либо разочарованиях впадает в глубокое отчаяние.', 'Г-10', 'button', 'single'),
(6241, 61, 'Вам нравится работа, требующая энергичной организаторской деятельности.', 'Г-1', 'button', 'single'),
(6251, 61, 'У Вас хватает настойчивости добиваться поставленной цели, несмотря на то, что на пути к ней приходится преодолевать много препятствий.', 'Г-2', 'button', 'single'),
(6261, 61, 'Трагический фильм может взволновать Вас так, что на глазах выступают слезы.', 'Г-3', 'button', 'single'),
(6271, 61, 'Часто ли вам бывает трудно уснуть из-за того, что проблемы прожитого или будущего дня все время крутятся в голове?', 'Г-4', 'button', 'single'),
(6281, 61, 'В школе Вы подсказывали или давали списывать товарищам.', 'Г-2', 'button', 'single'),
(6291, 61, 'Вам потребовалось бы большое напряжение воли, чтобы пройти ночью одному через кладбище.', 'Г-5', 'button', 'single'),
(6301, 61, 'Тщательно ли Вы следите за тем, чтобы дома каждая вещь была всегда на своем месте?', 'Г-4', 'button', 'single'),
(6311, 61, 'Бывает ли так, что Вы ложитесь вечером спать в хорошем настроении, а наутро встаете в подавленном, которое длится чуть ли не весь день?', 'Г-6', 'button', 'single'),
(6321, 61, 'Легко ли Вы привыкаете к новым ситуациям?', 'Г-7', 'button', 'single'),
(6331, 61, 'Бывают ли у Вас головные боли?', 'Г-8', 'button', 'single'),
(6341, 61, 'Вы часто смеетесь.', 'Г-9', 'button', 'single'),
(6351, 61, 'Вы можете быть приветливым даже с теми, кого Вы явно не цените и не уважаете.', 'Г-7', 'button', 'single'),
(6361, 61, 'Вы подвижный человек.', 'Г-1', 'button', 'single'),
(6371, 61, 'Вы очень переживаете из-за несправедливости.', 'Г-2', 'button', 'single'),
(6381, 61, 'Вы настолько любите природу, что можете назвать ее своим другом.', 'Г-3', 'button', 'single'),
(6391, 61, 'Уходя из дома или ложась спать, проверяете ли Вы, закрыт ли газ, погашен ли свет, заперты ли двери?', 'Г-4', 'button', 'single'),
(6401, 61, 'Вы очень боязливы.', 'Г-5', 'button', 'single'),
(6411, 61, 'Изменяется ли Ваше настроение при приеме алкоголя?', 'Г-6', 'button', 'single'),
(6421, 61, 'В юности Вы охотно участвовали в художественной самодеятельности.', 'Г-7', 'button', 'single'),
(6431, 61, 'Вы расцениваете жизнь несколько пессимистически, без ожидания радости.', 'Г-8', 'button', 'single'),
(6441, 61, 'Часто ли Вас тянет путешествовать?', 'Г-9', 'button', 'single'),
(6451, 61, 'Ваше настроение может изменяться так резко, что состояние радости вдруг сменяется угрюмостью и подавленностью.', 'Г-10', 'button', 'single'),
(6461, 61, 'Легко ли Вас удается поднять настроение друзей в компании?', 'Г-1', 'button', 'single'),
(6471, 61, 'Долго ли Вы переживаете обиду?', 'Г-2', 'button', 'single'),
(6481, 61, 'Долго ли Вы переживаете горести других людей?', 'Г-3', 'button', 'single'),
(6491, 61, 'Будучи школьником, Вы нередко переписывали страницу, если случайно ставили на ней кляксу.', 'Г-4', 'button', 'single'),
(6501, 61, 'Вы относитесь к людям скорее с осторожностью и недоверием, чем доверчивостью.', 'Г-2', 'button', 'single'),
(6511, 61, 'Часто ли Вы видите страшные сны?', 'Г-5', 'button', 'single'),
(6521, 61, 'Бывает ли, что вы остерегаетесь того, что броситесь под колеса проходящего поезда или выпадете из окна, расположенного на высоком этаже?', 'Г-4', 'button', 'single'),
(6531, 61, 'В веселой компании Вы обычно веселы.', 'Г-6', 'button', 'single'),
(6541, 61, 'В веселой компании Вы обычно веселы.', 'Г-7', 'button', 'single'),
(6551, 61, 'Вы становитесь менее сдержанным и чувствуете себя свободнее под влиянием алкоголя.', 'Г-8', 'button', 'single'),
(6561, 61, 'В беседе вы скупы на слова.', 'Г-9', 'button', 'single'),
(6571, 61, 'Если бы Вам надо было играть на сцене, Вы смогли бы войти в роль настолько, чтобы забыть, что это только игра?', 'Г-7', 'button', 'single');

INSERT INTO Answer (Answer_ID, Question_ID, Description, Value) VALUES
(21551, 5701, 'да', 3), (21561, 5701, 'нет', 0), 
(21571, 5711, 'да', 2), (21581, 5711, 'нет', 0), 
(21591, 5721, 'да', 3), (21601, 5721, 'нет', 0), 
(21611, 5731, 'да', 2), (21621, 5731, 'нет', 0), 
(21631, 5741, 'да', 0), (21641, 5741, 'нет', 3), 
(21651, 5751, 'да', 3), (21661, 5751, 'нет', 0), 
(21671, 5761, 'да', 2), (21681, 5761, 'нет', 0), 
(21691, 5771, 'да', 3), (21701, 5771, 'нет', 0), 
(21711, 5781, 'да', 3), (21721, 5781, 'нет', 0), 
(21731, 5791, 'да', 6), (21741, 5791, 'нет', 0), 
(21751, 5801, 'да', 3), (21761, 5801, 'нет', 0), 
(21771, 5811, 'да', 0), (21781, 5811, 'нет', 2), 
(21791, 5821, 'да', 3), (21801, 5821, 'нет', 0), 
(21811, 5831, 'да', 2), (21821, 5831, 'нет', 0), 
(21831, 5841, 'да', 2), (21841, 5841, 'нет', 0), 
(21851, 5851, 'да', 3), (21861, 5851, 'нет', 0), 
(21871, 5861, 'да', 2), (21881, 5861, 'нет', 0), 
(21891, 5871, 'да', 3), (21901, 5871, 'нет', 0), 
(21911, 5881, 'да', 2), (21921, 5881, 'нет', 0), 
(21931, 5891, 'да', 3), (21941, 5891, 'нет', 0), 
(21951, 5901, 'да', 3), (21961, 5901, 'нет', 0), 
(21971, 5911, 'да', 2), (21981, 5911, 'нет', 0), 
(21991, 5921, 'да', 3), (22001, 5921, 'нет', 0), 
(22011, 5931, 'да', 2), (22021, 5931, 'нет', 0), 
(22031, 5941, 'да', 0), (22041, 5941, 'нет', 3), 
(22051, 5951, 'да', 2), (22061, 5951, 'нет', 0), 
(22071, 5961, 'да', 3), (22081, 5961, 'нет', 0), 
(22091, 5971, 'да', 3), (22101, 5971, 'нет', 0), 
(22111, 5981, 'да', 2), (22121, 5981, 'нет', 0), 
(22131, 5991, 'да', 3), (22141, 5991, 'нет', 0), 
(22151, 6001, 'да', 0), (22161, 6001, 'нет', 3), 
(22171, 6011, 'да', 6), (22181, 6011, 'нет', 0), 
(22191, 6021, 'да', 3), (22201, 6021, 'нет', 0), 
(22211, 6031, 'да', 2), (22221, 6031, 'нет', 0), 
(22231, 6041, 'да', 3), (22241, 6041, 'нет', 0), 
(22251, 6051, 'да', 0), (22261, 6051, 'нет', 2), 
(22271, 6061, 'да', 2), (22281, 6061, 'нет', 0), 
(22291, 6071, 'да', 3), (22301, 6071, 'нет', 0), 
(22311, 6081, 'да', 2), (22321, 6081, 'нет', 0), 
(22331, 6091, 'да', 3), (22341, 6091, 'нет', 0), 
(22351, 6101, 'да', 2), (22361, 6101, 'нет', 0), 
(22371, 6111, 'да', 3), (22381, 6111, 'нет', 0), 
(22391, 6121, 'да', 3), (22401, 6121, 'нет', 0), 
(22411, 6131, 'да', 2), (22421, 6131, 'нет', 0), 
(22431, 6141, 'да', 3), (22441, 6141, 'нет', 0), 
(22451, 6151, 'да', 0), (22461, 6151, 'нет', 2), 
(22471, 6161, 'да', 3), (22481, 6161, 'нет', 0), 
(22491, 6171, 'да', 2), (22501, 6171, 'нет', 0), 
(22511, 6181, 'да', 3), (22521, 6181, 'нет', 0), 
(22531, 6191, 'да', 3), (22541, 6191, 'нет', 0), 
(22551, 6201, 'да', 0), (22561, 6201, 'нет', 2), 
(22571, 6211, 'да', 3), (22581, 6211, 'нет', 0), 
(22591, 6221, 'да', 0), (22601, 6221, 'нет', 3), 
(22611, 6231, 'да', 6), (22621, 6231, 'нет', 0), 
(22631, 6241, 'да', 3), (22641, 6241, 'нет', 0), 
(22651, 6251, 'да', 2), (22661, 6251, 'нет', 0), 
(22671, 6261, 'да', 3), (22681, 6261, 'нет', 0), 
(22691, 6271, 'да', 2), (22701, 6271, 'нет', 0), 
(22711, 6281, 'да', 0), (22721, 6281, 'нет', 2), 
(22731, 6291, 'да', 3), (22741, 6291, 'нет', 0), 
(22751, 6301, 'да', 2), (22761, 6301, 'нет', 0), 
(22771, 6311, 'да', 3), (22781, 6311, 'нет', 0), 
(22791, 6321, 'да', 2), (22801, 6321, 'нет', 0), 
(22811, 6331, 'да', 3), (22821, 6331, 'нет', 0), 
(22831, 6341, 'да', 0), (22841, 6341, 'нет', 3), 
(22851, 6351, 'да', 2), (22861, 6351, 'нет', 0), 
(22871, 6361, 'да', 3), (22881, 6361, 'нет', 0), 
(22891, 6371, 'да', 2), (22901, 6371, 'нет', 0), 
(22911, 6381, 'да', 3), (22921, 6381, 'нет', 0), 
(22931, 6391, 'да', 2), (22941, 6391, 'нет', 0), 
(22951, 6401, 'да', 3), (22961, 6401, 'нет', 0), 
(22971, 6411, 'да', 3), (22981, 6411, 'нет', 0), 
(22991, 6421, 'да', 2), (23001, 6421, 'нет', 0), 
(23011, 6431, 'да', 3), (23021, 6431, 'нет', 0), 
(23031, 6441, 'да', 3), (23041, 6441, 'нет', 0), 
(23051, 6451, 'да', 6), (23061, 6451, 'нет', 0), 
(23071, 6461, 'да', 3), (23081, 6461, 'нет', 0), 
(23091, 6471, 'да', 2), (23101, 6471, 'нет', 0), 
(23111, 6481, 'да', 3), (23121, 6481, 'нет', 0), 
(23131, 6491, 'да', 2), (23141, 6491, 'нет', 0), 
(23151, 6501, 'да', 2), (23161, 6501, 'нет', 0), 
(23171, 6511, 'да', 3), (23181, 6511, 'нет', 0), 
(23191, 6521, 'да', 2), (23201, 6521, 'нет', 0), 
(23211, 6531, 'да', 3), (23221, 6531, 'нет', 0), 
(23231, 6541, 'да', 2), (23241, 6541, 'нет', 0), 
(23251, 6551, 'да', 3), (23261, 6551, 'нет', 0), 
(23271, 6561, 'да', 3), (23281, 6561, 'нет', 0), 
(23291, 6571, 'да', 2), (23301, 6571, 'нет', 0);

-- DEPLOY ALL PROCEDURES

-- Процедура авторизации пользователя в БД
DELIMITER //
CREATE PROCEDURE F_UserAuth (vk BIGINT)
BEGIN
	DECLARE person INT;
	DECLARE max_id INT;
	SET person = (SELECT Person_ID FROM Person WHERE VK_ID = vk);
	IF person IS NULL THEN
		SET max_id = (SELECT MAX(Person_ID) + 1 FROM Person);
        IF max_id IS NULL THEN
			INSERT INTO Person (VK_ID, Person_ID) VALUES (vk, 1);
        ELSE
			INSERT INTO Person (VK_ID, Person_ID) VALUES (vk, max_id);
		END IF;
	END IF;
END; //
DELIMITER ;


-- Соединение функций do-result и update-answer в одну процедуру
DELIMITER //
CREATE PROCEDURE F_DoResultUpdateAnswers (vk_identity BIGINT, test_identity INT)
BEGIN
	-- бывший do-result
	INSERT INTO result(VK_ID, Test_ID, Factor, Value, Reply_Date)  
		SELECT nwt.VK_ID, nwt.Test_ID, nwt.Factor, nwt.Value, nwt.Reply_Date
		FROM
			(SELECT pa.VK_ID, q.Test_ID, pa.Result_ID, q.Category as Factor, SUM(a.Value) as Value, NOW() as Reply_Date 
			FROM person_answer as pa
				LEFT JOIN answer as a ON pa.answer_id = a.answer_id
				LEFT JOIN question as q ON a.question_id = q.question_id
					WHERE q.Test_ID = test_identity AND pa.VK_ID = vk_identity 
						AND pa.result_id = 0 AND q.A_Mode = 'single'
						GROUP BY q.Category) as nwt;
                        
	-- бывший update-person-answer (таблица person-asnwer)
    UPDATE person_answer as nt 
		SET nt.Result_ID = 1
			WHERE nt.Person_Answer_ID IN 
				(SELECT nw.Person_Answer_ID FROM 
				(SELECT pa.person_answer_id  
					FROM person_answer as pa   
						JOIN answer as a ON a.answer_id = pa.answer_id   
						JOIN question as q ON q.question_id = a.question_id    
							WHERE pa.vk_id = vk_identity AND q.test_id = test_identity
								AND pa.result_id = 0 AND q.A_Mode = 'single') as nw);
                                
    -- бывший update-person-answer (таблица person-multianswer)
    UPDATE Person_MultiAnswer SET Status = 1 
		WHERE Question_ID IN (SELECT NT.Question_ID FROM (SELECT PMA.Question_ID FROM Person_MultiAnswer AS PMA, Question AS Q 
			WHERE PMA.Question_ID =  Q.Question_ID AND Test_ID = test_identity AND Q.A_Mode = 'multiple'
			GROUP BY PMA.Question_ID) AS NT)
				AND VK_ID = vk_identity AND Status = 0;
END; //
DELIMITER ;


-- Порядок удаления таблиц
-- DROP TABLE Post;
-- DROP TABLE Result;
-- DROP TABLE Person_Answer;
-- DROP TABLE Answer;
-- DROP TABLE Question;
-- DROP TABLE Test;
-- DROP TABLE Person;
